edges,logFC,p_values,neg_log10_p
Astro --> Astro,-0.33526284642600823,0.025056285706512416,1.6010833075127013
Astro --> EN_L2_3_IT,-0.724908127446509,0.217563052753048,0.6624148559770089
Astro --> EN_L3_5_IT_1,-0.4567578806755111,0.44720688549414345,0.34949151838395204
Astro --> EN_L3_5_IT_2,-0.38933422407478946,0.2924831185437408,0.5338991953420577
Astro --> EN_L3_5_IT_3,-0.04358241251699328,0.9032561692928969,0.04418906349289064
Astro --> EN_L5_6_NP,-0.3214867183094533,0.47381339994213334,0.3243926611340759
Astro --> EN_L6B,-0.029711045000753875,0.9495285504885154,0.02249197233485812
Astro --> EN_L6_CT,-0.005263913885114094,0.9887791234509367,0.00490071161789293
Astro --> EN_L6_IT_1,0.22152617304863556,0.4760869523147019,0.32231372067918546
Astro --> EN_L6_IT_2,0.05851548869844688,0.866079624808064,0.06244217839247301
Astro --> Endo,0.023383084429823214,0.9750991881701307,0.010951205138417191
Astro --> IN_ADARB2,0.1247365895469167,0.7010047493711355,0.1542790396386346
Astro --> IN_LAMP5_LHX6,0.037405815871360035,0.9238924342582338,0.03437858930741927
Astro --> IN_LAMP5_RELN,-0.20236820458590102,0.6023197081923171,0.22017292627132534
Astro --> IN_PVALB,-0.4948424406430519,0.3227468256680087,0.49113802048415095
Astro --> IN_PVALB_CHC,0.14983056586015833,0.6946875418600382,0.15821048945147506
Astro --> IN_SST,-0.0411741704640834,0.91603330596322,0.0380887355755128
Astro --> IN_VIP,-0.4315300073790131,0.3355792391317969,0.4742049149750283
Astro --> OPC,-0.8135005500960276,0.06454967639047018,1.1901059306583723
Astro --> Oligo,0.8035663015756654,0.18211465275725702,0.7396551099128795
EN_L2_3_IT --> Astro,-0.45121696893131297,0.3155880901233431,0.500879394852068
EN_L2_3_IT --> EN_L2_3_IT,0.08576909376464592,0.5595800408932501,0.2521377843240821
EN_L2_3_IT --> EN_L3_5_IT_1,1.081032942042213,0.00046323331874300873,3.334200210882894
EN_L2_3_IT --> EN_L3_5_IT_2,0.6121132641976165,0.04653762646771193,1.3321957705607166
EN_L2_3_IT --> EN_L3_5_IT_3,0.4259654877663925,0.21611661346594166,0.6653118464473781
EN_L2_3_IT --> EN_L5_6_NP,0.26857966040621556,0.5405234515680152,0.2671854586660213
EN_L2_3_IT --> EN_L6B,0.5742185874015574,0.1157497120519018,0.9364800806938163
EN_L2_3_IT --> EN_L6_CT,0.4486965090122205,0.2347926483811999,0.6293155054544997
EN_L2_3_IT --> EN_L6_IT_1,0.5411882433011738,0.1732320318951483,0.7613718006034341
EN_L2_3_IT --> EN_L6_IT_2,0.13750738815906255,0.6810180572668999,0.16684137256973475
EN_L2_3_IT --> IN_ADARB2,0.7506149805410212,0.003863944763311778,2.4129690906313783
EN_L2_3_IT --> IN_LAMP5_LHX6,0.8799361030397093,0.0014137865959022423,2.8496161401972033
EN_L2_3_IT --> IN_LAMP5_RELN,0.5949423488904446,0.10748216009722525,0.9686636140207967
EN_L2_3_IT --> IN_PVALB,-0.07665214887216691,0.8097510499730728,0.09164848018445293
EN_L2_3_IT --> IN_PVALB_CHC,0.712786388518968,0.013273200693297389,1.8770243389421477
EN_L2_3_IT --> IN_SST,-0.11330451136897944,0.7524713563738348,0.12351002730295464
EN_L2_3_IT --> IN_VIP,0.5052083004313748,0.059655915988161466,1.2243464815223328
EN_L2_3_IT --> OPC,-0.051902241078616296,0.8955510757736047,0.04790964008398943
EN_L2_3_IT --> Oligo,0.9538848087102744,0.18845680193798556,0.7247881830176511
EN_L3_5_IT_1 --> Astro,0.14633170654630998,0.7018233111120988,0.15377221075837716
EN_L3_5_IT_1 --> EN_L2_3_IT,0.42035065740286087,0.23955213396102745,0.6205999560378503
EN_L3_5_IT_1 --> EN_L3_5_IT_1,0.09208626047679004,0.4929693749424824,0.3071800598436842
EN_L3_5_IT_1 --> EN_L3_5_IT_2,0.28514158295943115,0.3313035438731302,0.47977391855114176
EN_L3_5_IT_1 --> EN_L3_5_IT_3,-0.0018842428963550576,0.9962058096495623,0.0016509298879261185
EN_L3_5_IT_1 --> EN_L5_6_NP,0.3917256196508201,0.43947140697613396,0.3570693758722168
EN_L3_5_IT_1 --> EN_L6B,0.7830337574483048,0.06001220162027999,1.2217604403227247
EN_L3_5_IT_1 --> EN_L6_CT,0.8453429951921377,0.04707883833707361,1.3271742618443843
EN_L3_5_IT_1 --> EN_L6_IT_1,0.4951766882558634,0.07243584973942387,1.1400464408386743
EN_L3_5_IT_1 --> EN_L6_IT_2,0.1303102419723242,0.7333632923449569,0.134680831941546
EN_L3_5_IT_1 --> IN_ADARB2,0.4787762913594893,0.13579813794881493,0.8671061850194268
EN_L3_5_IT_1 --> IN_LAMP5_LHX6,-0.14419062175602687,0.8171337313827234,0.08770686140056841
EN_L3_5_IT_1 --> IN_LAMP5_RELN,0.5068964997338226,0.13452088175278323,0.8712102946497517
EN_L3_5_IT_1 --> IN_PVALB,0.24613640788743796,0.4872641827605836,0.31223551105073755
EN_L3_5_IT_1 --> IN_PVALB_CHC,0.32869644455770847,0.4333189724619423,0.3631922953756305
EN_L3_5_IT_1 --> IN_SST,-0.13516251048891206,0.7489627239956287,0.12553979667417564
EN_L3_5_IT_1 --> IN_VIP,0.3612153406558953,0.1268929957272527,0.8965623495440392
EN_L3_5_IT_1 --> OPC,-0.4502284325027093,0.3804650929032082,0.41968518292743295
EN_L3_5_IT_1 --> Oligo,0.008085354139569356,0.9910875261865358,0.003887989852467525
EN_L3_5_IT_2 --> Astro,-0.8037606128179262,0.06398884816992827,1.193895707270297
EN_L3_5_IT_2 --> EN_L2_3_IT,-0.5579782583518793,0.17221845919020673,0.7639203006477729
EN_L3_5_IT_2 --> EN_L3_5_IT_1,0.06885952327812998,0.8748742653398152,0.05805435816948244
EN_L3_5_IT_2 --> EN_L3_5_IT_2,-0.039823236438434,0.7643694454919894,0.1166966815325662
EN_L3_5_IT_2 --> EN_L3_5_IT_3,0.02837837140202299,0.9472528158134409,0.023534095062816812
EN_L3_5_IT_2 --> EN_L5_6_NP,0.25431308821658716,0.44587351276559073,0.3507883262631202
EN_L3_5_IT_2 --> EN_L6B,-0.2392874728236594,0.7763356073937219,0.1099504940375814
EN_L3_5_IT_2 --> EN_L6_CT,0.2776830045363474,0.3663606681366086,0.43609115762462264
EN_L3_5_IT_2 --> EN_L6_IT_1,0.4772906470701058,0.1896328666788487,0.7220863896760094
EN_L3_5_IT_2 --> EN_L6_IT_2,0.022061813484448176,0.9641099414243726,0.015873438886128487
EN_L3_5_IT_2 --> IN_ADARB2,-0.3130709489283583,0.48685717313539956,0.31259842691027634
EN_L3_5_IT_2 --> IN_LAMP5_LHX6,-0.03420904929736849,0.9501551057673063,0.022205493573873844
EN_L3_5_IT_2 --> IN_LAMP5_RELN,-0.09521486089579448,0.7705561252386283,0.11319572294983216
EN_L3_5_IT_2 --> IN_PVALB,-0.3228345650217961,0.37786589103666013,0.4226623089380325
EN_L3_5_IT_2 --> IN_PVALB_CHC,0.252195240194331,0.5425980706949869,0.2655217547838048
EN_L3_5_IT_2 --> IN_SST,-0.42799293043483594,0.2987766793597833,0.5246533038466504
EN_L3_5_IT_2 --> IN_VIP,-0.12877586865336288,0.7133556563188521,0.14669389081289175
EN_L3_5_IT_2 --> OPC,-0.4893860829091877,0.2177257992006996,0.6620901066197001
EN_L3_5_IT_2 --> Oligo,-0.7390679260690732,0.300846749095498,0.521654677067504
EN_L3_5_IT_3 --> Astro,-0.4391775397042418,0.18075699248105725,0.7429048932743784
EN_L3_5_IT_3 --> EN_L2_3_IT,-0.01792095063681328,0.9529182005201557,0.020944378047328654
EN_L3_5_IT_3 --> EN_L3_5_IT_1,0.2818268681064261,0.30352294154510007,0.5178084775379941
EN_L3_5_IT_3 --> EN_L3_5_IT_2,0.0946530563316624,0.7220865326337511,0.14141075479396462
EN_L3_5_IT_3 --> EN_L3_5_IT_3,-0.06825020196066851,0.6093763869948357,0.21511437846340967
EN_L3_5_IT_3 --> EN_L5_6_NP,0.5458396871080391,0.08651685944653252,1.062899253793694
EN_L3_5_IT_3 --> EN_L6B,0.32520618831715026,0.2738435079755199,0.5624975504585054
EN_L3_5_IT_3 --> EN_L6_CT,0.13708434366923525,0.6091001351620007,0.21531130412671115
EN_L3_5_IT_3 --> EN_L6_IT_1,0.5802225212353945,0.031655157002496284,1.499555528133706
EN_L3_5_IT_3 --> EN_L6_IT_2,-0.2694454374087925,0.6181463919502375,0.2089086613395321
EN_L3_5_IT_3 --> IN_ADARB2,-0.15415261194777827,0.6969241565838107,0.15681448182932112
EN_L3_5_IT_3 --> IN_LAMP5_LHX6,0.5711431950372845,0.08655901941937393,1.062687672098494
EN_L3_5_IT_3 --> IN_LAMP5_RELN,0.1389875626398339,0.707616474639146,0.15020206445425527
EN_L3_5_IT_3 --> IN_PVALB,0.005595694950974391,0.9856925015771774,0.006258547225634496
EN_L3_5_IT_3 --> IN_PVALB_CHC,0.6083491975159625,0.02260980823329277,1.64570312113876
EN_L3_5_IT_3 --> IN_SST,0.08361836952701332,0.7449906297599717,0.12784918962637878
EN_L3_5_IT_3 --> IN_VIP,-0.21560590748684738,0.6014674550733425,0.22078786701814537
EN_L3_5_IT_3 --> OPC,-0.2629662221641733,0.3468283909895721,0.4598853588733619
EN_L3_5_IT_3 --> Oligo,-0.494245532265805,0.40580496073887873,0.39168264826286786
EN_L5_6_NP --> Astro,-0.5753022929839497,0.42015322896557616,0.376592294463858
EN_L5_6_NP --> EN_L2_3_IT,-0.09276814589835397,0.7987655795198293,0.0975806580560693
EN_L5_6_NP --> EN_L3_5_IT_1,-0.02531462121546971,0.9381500262895209,0.027727704926209375
EN_L5_6_NP --> EN_L3_5_IT_2,-0.20679585898213906,0.6428355515245867,0.19190011292300638
EN_L5_6_NP --> EN_L3_5_IT_3,-0.08880536804015782,0.7993432846007735,0.0972666692592068
EN_L5_6_NP --> EN_L5_6_NP,0.21816019252898305,0.13359524096110742,0.8742090123780093
EN_L5_6_NP --> EN_L6B,-0.19535649518055298,0.6225630348707072,0.20581666943613575
EN_L5_6_NP --> EN_L6_CT,0.029370577479188892,0.9370762110478239,0.028225087136142947
EN_L5_6_NP --> EN_L6_IT_1,-0.24355735734974476,0.5544575268773635,0.25613171651081007
EN_L5_6_NP --> EN_L6_IT_2,0.13295176685211071,0.742441396000806,0.12933782133456598
EN_L5_6_NP --> IN_ADARB2,0.23456521716910358,0.6291589651069058,0.20123961060181833
EN_L5_6_NP --> IN_LAMP5_LHX6,0.6620155233242567,0.012978150636968512,1.886787189306212
EN_L5_6_NP --> IN_LAMP5_RELN,0.34779903267343004,0.44529763798905697,0.351349608509108
EN_L5_6_NP --> IN_PVALB,-0.17387522139043743,0.6732907435826894,0.17179735618197836
EN_L5_6_NP --> IN_PVALB_CHC,0.2699723569850271,0.475010936460483,0.3232963912387925
EN_L5_6_NP --> IN_SST,0.022627694747165424,0.9663931513619521,0.014846156471548466
EN_L5_6_NP --> IN_VIP,-0.07891457587232556,0.818079335122495,0.0872045775814891
EN_L5_6_NP --> OPC,-0.6421520170639022,0.26576878945150073,0.5754960217561514
EN_L5_6_NP --> Oligo,-0.12729740481978283,0.8765478662663149,0.057224363098166246
EN_L6B --> Astro,0.394287503507537,0.2745226103762611,0.5614218801492231
EN_L6B --> EN_L2_3_IT,0.37397041728987,0.22424909267200266,0.6492693054671019
EN_L6B --> EN_L3_5_IT_1,0.5400591571002923,0.12033020204919398,0.9196253540642825
EN_L6B --> EN_L3_5_IT_2,0.16797610384755127,0.7264818376733007,0.13877523876012654
EN_L6B --> EN_L3_5_IT_3,-0.07195725216468533,0.8911666117342449,0.0500410930536584
EN_L6B --> EN_L5_6_NP,0.487276676064985,0.2343316266288825,0.6301690927796015
EN_L6B --> EN_L6B,0.3559339654595621,0.026603634592449243,1.5750590259398562
EN_L6B --> EN_L6_CT,0.43139532467916036,0.35807759154858176,0.4460228562327273
EN_L6B --> EN_L6_IT_1,0.13004133618464486,0.8172230713358318,0.08765938113356356
EN_L6B --> EN_L6_IT_2,0.3618837142244163,0.5095637431124143,0.2928014808422274
EN_L6B --> IN_ADARB2,0.895515911495688,0.0010500258417062316,2.978800012575474
EN_L6B --> IN_LAMP5_LHX6,0.9327748397213025,0.011180634395760699,1.951533553626551
EN_L6B --> IN_LAMP5_RELN,0.37523347322745854,0.3925532778542241,0.40610139189236644
EN_L6B --> IN_PVALB,0.6713806707646112,0.004399809637068346,2.356566113368184
EN_L6B --> IN_PVALB_CHC,1.2994659127338966,0.0007791384049983083,3.108385388042555
EN_L6B --> IN_SST,1.3287450591810415,0.004562121774027637,2.3408331265380173
EN_L6B --> IN_VIP,0.3203995655708275,0.2799374829490455,0.5529389466640546
EN_L6B --> OPC,0.63030384630462,0.12701418224836575,0.8961477835454209
EN_L6_CT --> Astro,-0.5835290018602215,0.13536364718094696,0.8684979527002872
EN_L6_CT --> EN_L2_3_IT,-0.36690606851744034,0.2304141327862856,0.6374908863475289
EN_L6_CT --> EN_L3_5_IT_1,-0.19434320605879712,0.6352666363065176,0.19704395286316653
EN_L6_CT --> EN_L3_5_IT_2,-0.10288331912083355,0.7468258815518964,0.12678063981186882
EN_L6_CT --> EN_L3_5_IT_3,0.2181953235441351,0.3782810397261741,0.42218542595191927
EN_L6_CT --> EN_L5_6_NP,0.23746438526262761,0.48069629910808365,0.31812922150173506
EN_L6_CT --> EN_L6B,0.06442854596844697,0.865959707375177,0.06250231499387962
EN_L6_CT --> EN_L6_CT,0.07032542499360195,0.608886962933729,0.21546332465882262
EN_L6_CT --> EN_L6_IT_1,0.2619053935682705,0.3368681529765615,0.47254004464459787
EN_L6_CT --> EN_L6_IT_2,0.11129599817545599,0.7794340886413715,0.10822060420781392
EN_L6_CT --> IN_ADARB2,0.5784119268541309,0.07651155624700827,1.1162729643853473
EN_L6_CT --> IN_LAMP5_LHX6,0.9660207657969444,0.0002532933984916376,3.5963761289461855
EN_L6_CT --> IN_LAMP5_RELN,0.5370767845035624,0.020465759557580003,1.688972132497126
EN_L6_CT --> IN_PVALB,-0.21381321628835223,0.47440434189892045,0.3238513448248372
EN_L6_CT --> IN_PVALB_CHC,0.7064987657344913,0.03953131326952407,1.403058757722961
EN_L6_CT --> IN_SST,-0.1800607302847979,0.6067280533358701,0.21700592408133437
EN_L6_CT --> IN_VIP,-0.06302512905933984,0.8027746774328339,0.095406335268554
EN_L6_CT --> OPC,-0.3383825045811913,0.29582071830134193,0.5289714127297609
EN_L6_CT --> Oligo,-1.418765792669691,0.11671541716768243,0.9328717733581026
EN_L6_IT_1 --> Astro,0.02246413235122821,0.950511170991691,0.0220427746727729
EN_L6_IT_1 --> EN_L2_3_IT,0.5295985973461986,0.03623377572216469,1.4408864081718562
EN_L6_IT_1 --> EN_L3_5_IT_1,0.4157977953372299,0.2208573275952287,0.6558881871622974
EN_L6_IT_1 --> EN_L3_5_IT_2,0.5437154617698228,0.054951897861776955,1.260017303847154
EN_L6_IT_1 --> EN_L3_5_IT_3,0.2769161030275887,0.41891378129432455,0.3778753521199719
EN_L6_IT_1 --> EN_L5_6_NP,0.5255905652696614,0.08089423820279236,1.0920824104748277
EN_L6_IT_1 --> EN_L6B,0.9272282306263221,0.004359652747298023,2.3605481015429395
EN_L6_IT_1 --> EN_L6_CT,0.6913561804799937,0.010781703576604148,1.967312612482784
EN_L6_IT_1 --> EN_L6_IT_1,0.2976243641935101,0.032972665415653454,1.4818459443181307
EN_L6_IT_1 --> EN_L6_IT_2,0.4997305035897421,0.23644764587287515,0.6262650055627421
EN_L6_IT_1 --> IN_ADARB2,0.654381766712283,0.016781811658803488,1.7751611572766104
EN_L6_IT_1 --> IN_LAMP5_LHX6,0.4243354106931907,0.2542529375969807,0.5947340206086056
EN_L6_IT_1 --> IN_LAMP5_RELN,0.2804972372587297,0.41790646717724256,0.37892090801967254
EN_L6_IT_1 --> IN_PVALB,0.1506682190623129,0.7107226792799987,0.1482998259266369
EN_L6_IT_1 --> IN_PVALB_CHC,0.498507514856468,0.13503761735037298,0.8695452334902967
EN_L6_IT_1 --> IN_SST,0.14155434469758935,0.7078782654247436,0.15004142197120465
EN_L6_IT_1 --> IN_VIP,0.2581165114483251,0.3315144425914005,0.4794975465921828
EN_L6_IT_1 --> OPC,-0.1785280801979226,0.7910133835349938,0.1018161684034302
EN_L6_IT_2 --> Astro,-0.06831771976395706,0.9093673563930482,0.04126063974254539
EN_L6_IT_2 --> EN_L2_3_IT,-0.43114188645349344,0.5499192408712356,0.25970108472252673
EN_L6_IT_2 --> EN_L3_5_IT_1,-0.11965289708843718,0.8375491695458687,0.07698968765156433
EN_L6_IT_2 --> EN_L3_5_IT_2,0.042225207772342094,0.9445723295604118,0.024764780858873056
EN_L6_IT_2 --> EN_L3_5_IT_3,-0.2394472186073953,0.6945221826782508,0.1583138785643685
EN_L6_IT_2 --> EN_L5_6_NP,0.39115921139184984,0.558735728748037,0.252793556486639
EN_L6_IT_2 --> EN_L6B,-0.6465805558242025,0.459850302402822,0.337383523582022
EN_L6_IT_2 --> EN_L6_CT,-0.4796952335783999,0.4928313087813099,0.30730170993648054
EN_L6_IT_2 --> EN_L6_IT_1,-0.04437490081707948,0.932126509758735,0.0305251404770124
EN_L6_IT_2 --> EN_L6_IT_2,0.22188644460029255,0.17402176907789466,0.7593964206883779
EN_L6_IT_2 --> IN_ADARB2,0.06243419561123513,0.9139406916549255,0.03908198601968311
EN_L6_IT_2 --> IN_LAMP5_LHX6,0.5238696719907161,0.20365305053003707,0.6911090802087736
EN_L6_IT_2 --> IN_LAMP5_RELN,0.3097488133316335,0.514473428510877,0.28863705073459334
EN_L6_IT_2 --> IN_PVALB,-0.17015584318812269,0.7977694708760844,0.09812258733395306
EN_L6_IT_2 --> IN_PVALB_CHC,-0.1306982764032625,0.8212818966502382,0.08550775013208828
EN_L6_IT_2 --> IN_SST,0.6268871953837172,0.29078595958347203,0.5364265669417155
EN_L6_IT_2 --> IN_VIP,-0.16120438739912105,0.7645419304521087,0.11659869120050699
EN_L6_IT_2 --> OPC,-0.22883162316141684,0.7700340872507282,0.11349004940254932
Endo --> Astro,-0.5883034411217135,0.08012863494451479,1.0962122557503464
Endo --> EN_L2_3_IT,-0.6598143078552364,0.031232458304482787,1.5053938311379043
Endo --> EN_L3_5_IT_1,-0.4863655990520445,0.1210613338324844,0.9169945454168869
Endo --> EN_L3_5_IT_2,-0.5307826205151853,0.06403996412968176,1.1935489200114144
Endo --> EN_L3_5_IT_3,-0.29975785180386344,0.28458547009511415,0.545787277191303
Endo --> EN_L5_6_NP,-0.7374712453819742,0.04122965203449225,1.384790330494242
Endo --> EN_L6B,-0.8415954531224763,0.03625248752074573,1.4406621882800539
Endo --> EN_L6_CT,-0.3494453071766519,0.27293299331936793,0.563943961763443
Endo --> EN_L6_IT_1,-0.9508505332012737,0.014419591066397081,1.8410470558527539
Endo --> EN_L6_IT_2,-0.4770879934133162,0.20647738638796373,0.6851275057737047
Endo --> Endo,-0.34694736468020565,0.0003714372783213804,3.430114511590258
Endo --> IN_ADARB2,-0.25383266684137457,0.4056938623884304,0.39180156254709014
Endo --> IN_LAMP5_LHX6,-0.4989809501254489,0.11278493099114324,0.9477489218470664
Endo --> IN_LAMP5_RELN,-0.2740829824623576,0.35261476463841934,0.4526995069353198
Endo --> IN_PVALB,-0.5342969278155294,0.07350744236526914,1.133668687928867
Endo --> IN_PVALB_CHC,-0.3006349786098635,0.34865828266054655,0.45760001331853706
Endo --> IN_SST,-1.0199236267531877,0.009078978849687802,2.0419629956292296
Endo --> IN_VIP,-0.3100997243632309,0.2857687045455442,0.5439853339333378
Endo --> OPC,-0.6690809857776002,0.060491922938856114,1.2183026097650822
Endo --> PC,-0.3144071560014954,0.5271419100917061,0.2780724540980716
IN_ADARB2 --> Astro,0.41455958656301095,0.39881981014386225,0.39922327758584086
IN_ADARB2 --> EN_L2_3_IT,0.2085218825530967,0.6771196070924146,0.16933461032197564
IN_ADARB2 --> EN_L3_5_IT_1,1.0395532209153429,0.015126029707357522,1.8202750509894428
IN_ADARB2 --> EN_L3_5_IT_2,1.2555927419877657,0.0016597776102309785,2.7799500981766148
IN_ADARB2 --> EN_L3_5_IT_3,0.6654224667846508,0.14750047455078366,0.8312065824352746
IN_ADARB2 --> EN_L5_6_NP,1.9628263480427768,0.0035377427510462677,2.4512737502456683
IN_ADARB2 --> EN_L6B,1.7812637553142534,0.010813940076538109,1.966016041316797
IN_ADARB2 --> EN_L6_CT,1.0766244983036406,0.05459606424239716,1.2628386638779976
IN_ADARB2 --> EN_L6_IT_1,1.7444231231829723,0.011497677773548605,1.939389866774641
IN_ADARB2 --> EN_L6_IT_2,1.9214971544183925,0.014265330490689197,1.8457181624141945
IN_ADARB2 --> IN_ADARB2,0.24351433538593859,0.028805755979488867,1.5405207226449804
IN_ADARB2 --> IN_LAMP5_LHX6,1.6561063252108197,0.0004677735908967003,3.3299643008073083
IN_ADARB2 --> IN_LAMP5_RELN,1.1396594147068624,0.0016326315509430137,2.7871118149246494
IN_ADARB2 --> IN_PVALB,0.7313779638355169,0.11929077863566877,0.9233931266769244
IN_ADARB2 --> IN_PVALB_CHC,0.6629316574224342,0.18240441184526035,0.738964661529096
IN_ADARB2 --> IN_SST,-0.1010788536850038,0.7390454840518672,0.13132883242402266
IN_ADARB2 --> IN_VIP,0.5341141051545191,0.133100955686064,0.8758188262105693
IN_ADARB2 --> OPC,0.46808983407092397,0.2935590821504765,0.5323044788468007
IN_ADARB2 --> Oligo,-0.3471761525426214,0.7155413222966917,0.1453652808039485
IN_LAMP5_LHX6 --> Astro,0.5922589951884952,0.12295111681384173,0.910267522038026
IN_LAMP5_LHX6 --> EN_L2_3_IT,0.8103840933747224,0.006572635668652892,2.182260440666375
IN_LAMP5_LHX6 --> EN_L3_5_IT_1,0.44731107904231937,0.13883794626699966,0.8574918191687769
IN_LAMP5_LHX6 --> EN_L3_5_IT_2,0.7996244089048768,0.006469766515202879,2.1891113921270784
IN_LAMP5_LHX6 --> EN_L3_5_IT_3,0.27397703476077084,0.42255134235062153,0.37412051430041804
IN_LAMP5_LHX6 --> EN_L5_6_NP,0.9637031870628349,0.016151334760983783,1.7917915813590923
IN_LAMP5_LHX6 --> EN_L6B,-0.4526781762125343,0.6523087917195562,0.18554676808251147
IN_LAMP5_LHX6 --> EN_L6_CT,0.32397382563872706,0.49631228825472673,0.3042449719210461
IN_LAMP5_LHX6 --> EN_L6_IT_1,-0.19595134196016162,0.6889284851478876,0.16182585808891853
IN_LAMP5_LHX6 --> EN_L6_IT_2,0.48196056139842747,0.330158588114012,0.4812774013380694
IN_LAMP5_LHX6 --> IN_ADARB2,0.13252687859393644,0.6321537626273914,0.1991772727642953
IN_LAMP5_LHX6 --> IN_LAMP5_LHX6,0.3593514223914973,0.004929292312070696,2.3072154269750986
IN_LAMP5_LHX6 --> IN_LAMP5_RELN,0.06368153813273675,0.8837282252991001,0.0536812739010682
IN_LAMP5_LHX6 --> IN_PVALB,0.5303744160823083,0.06406182989360337,1.1934006600939262
IN_LAMP5_LHX6 --> IN_PVALB_CHC,0.2906904921551871,0.4493612856300996,0.3474043466064128
IN_LAMP5_LHX6 --> IN_SST,-0.06371832578229161,0.8308245402933473,0.08049068407171997
IN_LAMP5_LHX6 --> IN_VIP,0.576967339437678,0.007571607101244826,2.120811930126681
IN_LAMP5_LHX6 --> OPC,0.6656514048151798,0.06398291710872173,1.1939359634494637
IN_LAMP5_LHX6 --> Oligo,-0.0798623532162792,0.9157701518737553,0.038213515741465684
IN_LAMP5_RELN --> Astro,0.4898107081003046,0.034532679198250746,1.4617697258533275
IN_LAMP5_RELN --> EN_L2_3_IT,0.7685783559365783,0.00013969743390060445,3.8548115713592828
IN_LAMP5_RELN --> EN_L3_5_IT_1,0.8443734008123635,0.00019373124167757898,3.7128003380103474
IN_LAMP5_RELN --> EN_L3_5_IT_2,1.037291556345784,9.328189411201748e-06,5.030202644038259
IN_LAMP5_RELN --> EN_L3_5_IT_3,0.950534895310479,3.2558561251483605e-05,4.487334794641161
IN_LAMP5_RELN --> EN_L5_6_NP,0.5760552845492962,0.03284330011552679,1.483553211176379
IN_LAMP5_RELN --> EN_L6B,0.7036395107883574,0.020472247087762088,1.688834485414929
IN_LAMP5_RELN --> EN_L6_CT,0.6922568657565477,0.008951582608458181,2.048100176152345
IN_LAMP5_RELN --> EN_L6_IT_1,0.6983787821724867,0.007218554207947764,2.141549777830158
IN_LAMP5_RELN --> EN_L6_IT_2,0.6575766593493588,0.07757383965976009,1.1102847118202668
IN_LAMP5_RELN --> IN_ADARB2,0.14956940278131445,0.5715350919430372,0.242957099005638
IN_LAMP5_RELN --> IN_LAMP5_LHX6,0.6938650625080109,0.0037404880369181176,2.427071729908399
IN_LAMP5_RELN --> IN_LAMP5_RELN,0.3153028720992304,0.0068574057816851225,2.163840150734056
IN_LAMP5_RELN --> IN_PVALB,-0.07079252146586312,0.8264743734691009,0.08277060807378463
IN_LAMP5_RELN --> IN_PVALB_CHC,-0.11605802811201868,0.8163672184433634,0.08811444287683297
IN_LAMP5_RELN --> IN_SST,0.10101620992594781,0.7455276890617304,0.12753622211922752
IN_LAMP5_RELN --> IN_VIP,0.46834754989517663,0.014353899864511894,1.8430300878126076
IN_LAMP5_RELN --> OPC,0.5132826069864718,0.04141369854234105,1.3828559821321904
IN_LAMP5_RELN --> Oligo,-0.8475385850238514,0.34758872892927783,0.4589343146260814
IN_PVALB --> Astro,0.1310355399749238,0.7664054350456381,0.11554142407309245
IN_PVALB --> EN_L2_3_IT,0.6374589855208882,0.021216583947679106,1.6733245399493069
IN_PVALB --> EN_L3_5_IT_1,0.7315492279311021,0.0186449994036736,1.729437626192793
IN_PVALB --> EN_L3_5_IT_2,1.1586408343286358,5.7727361105562645e-05,4.238618294978192
IN_PVALB --> EN_L3_5_IT_3,0.24622299469870038,0.5736959734260503,0.2413181982698758
IN_PVALB --> EN_L5_6_NP,0.5011578579434437,0.23248196774968496,0.6336107271203254
IN_PVALB --> EN_L6B,0.7267402931129051,0.05116794291366171,1.2910020424612112
IN_PVALB --> EN_L6_CT,0.36079500590153707,0.5133012903007736,0.2896276440388639
IN_PVALB --> EN_L6_IT_1,0.22500262312858268,0.5239686469927436,0.28069469936249786
IN_PVALB --> EN_L6_IT_2,0.5906277311238705,0.12245388603238698,0.912027428133037
IN_PVALB --> IN_ADARB2,0.7535306174268993,0.05310725186807995,1.2748461713620296
IN_PVALB --> IN_LAMP5_LHX6,0.6093985562640707,0.04542905059254539,1.3426663392744578
IN_PVALB --> IN_LAMP5_RELN,0.965846626090004,0.002199487789350251,2.657678444704407
IN_PVALB --> IN_PVALB,0.33333080644320845,0.008616817597920151,2.0646531001674813
IN_PVALB --> IN_PVALB_CHC,0.7574447679037788,0.040203049296144634,1.39574100556563
IN_PVALB --> IN_SST,0.4280292452804093,0.10990059362490023,0.9589999617410024
IN_PVALB --> IN_VIP,0.7382029174138309,0.0008843895949851051,3.053356375621971
IN_PVALB --> OPC,0.42136527433507326,0.16671080885923278,0.7780362413493208
IN_PVALB --> Oligo,1.5735457722341117,0.030784459924737384,1.5116684611650386
IN_PVALB_CHC --> Astro,-0.5093921031120958,0.308128773766598,0.5112677443816216
IN_PVALB_CHC --> EN_L2_3_IT,-0.4583026680865892,0.34262901768359244,0.4651758588655527
IN_PVALB_CHC --> EN_L3_5_IT_1,-0.14700580756890608,0.7535923391941781,0.12286352510717244
IN_PVALB_CHC --> EN_L3_5_IT_2,0.1468639796022485,0.7239327117018659,0.14030179885070534
IN_PVALB_CHC --> EN_L3_5_IT_3,-0.04855601587711577,0.9077023820237482,0.042056524862613257
IN_PVALB_CHC --> EN_L5_6_NP,0.40473990456194947,0.47557910034964845,0.3227772390034243
IN_PVALB_CHC --> EN_L6B,0.3736119884290751,0.558107887819373,0.25328183949333716
IN_PVALB_CHC --> EN_L6_CT,-0.20613499962803344,0.7072675020313484,0.15041629669304532
IN_PVALB_CHC --> EN_L6_IT_1,0.20882304613162825,0.7189014209352944,0.14333065798848216
IN_PVALB_CHC --> EN_L6_IT_2,0.5426131616751464,0.28613524378741323,0.5434286460755086
IN_PVALB_CHC --> IN_ADARB2,0.22902462940153467,0.5569771809931586,0.25416259723517176
IN_PVALB_CHC --> IN_LAMP5_LHX6,-0.18666535505466866,0.6839839530171188,0.16495408716565463
IN_PVALB_CHC --> IN_LAMP5_RELN,-0.5924498395075549,0.20716808064517422,0.6836771575539005
IN_PVALB_CHC --> IN_PVALB,-0.37498766723718946,0.34605035381575266,0.46086070238291194
IN_PVALB_CHC --> IN_PVALB_CHC,0.32400134427989424,0.014184476690927443,1.848186682034843
IN_PVALB_CHC --> IN_SST,-0.13057952473502712,0.7363396132544922,0.13292183492318102
IN_PVALB_CHC --> IN_VIP,0.14918958215750952,0.67653656118557,0.16970872842025111
IN_PVALB_CHC --> OPC,-0.2681237949569186,0.5449752106841896,0.26362325204980996
IN_PVALB_CHC --> Oligo,-1.2752911942165603,0.24414935588796163,0.6123444171290815
IN_SST --> Astro,0.39057194593128297,0.40784413169175804,0.3895057822037543
IN_SST --> EN_L2_3_IT,1.2318687151555472,0.0006182447625700267,3.208839554055337
IN_SST --> EN_L3_5_IT_1,1.608518334152552,0.00026646161091382296,3.574365350874605
IN_SST --> EN_L3_5_IT_2,1.4642054044252077,4.787858429567873e-05,4.319858699570233
IN_SST --> EN_L3_5_IT_3,1.6302902908737718,2.4073464937588766e-05,4.618461396431442
IN_SST --> EN_L5_6_NP,1.8065837785405363,0.0018462132448477304,2.7337181377023128
IN_SST --> EN_L6B,0.5539637082141148,0.4345684519916524,0.3619418049903057
IN_SST --> EN_L6_CT,1.4465394562172411,0.003080864005349744,2.5113274717673497
IN_SST --> EN_L6_IT_1,1.0270702292146294,0.0735669483634222,1.1333172585886517
IN_SST --> EN_L6_IT_2,2.1717194781697566,0.0005173625020164765,3.2862050517645853
IN_SST --> IN_ADARB2,2.111317279187072,3.809423935206311e-10,9.419140693793286
IN_SST --> IN_LAMP5_LHX6,1.670705681104261,0.0004818386262802851,3.317098388007288
IN_SST --> IN_LAMP5_RELN,1.6601470358617703,1.0847769483380065e-05,4.964659552197487
IN_SST --> IN_PVALB,1.274525846476477,0.00019665353382050324,3.7062982450083397
IN_SST --> IN_PVALB_CHC,2.367700829444578,4.392285299278378e-08,7.357309458203197
IN_SST --> IN_SST,0.5632917867585202,7.109983269063273e-08,7.148131421233954
IN_SST --> IN_VIP,1.2934746477851775,0.0002357180197468832,3.6276072160437725
IN_SST --> OPC,0.7306406926344545,0.07673621878865872,1.1149996046644008
IN_SST --> Oligo,0.1659963802562021,0.7885894048895284,0.1031490621967595
IN_VIP --> Astro,0.505645460146668,0.06435620581754618,1.191409568070144
IN_VIP --> EN_L2_3_IT,0.399561548435085,0.2921401462630772,0.5344087576362475
IN_VIP --> EN_L3_5_IT_1,0.9872621957726965,0.01377517045070437,1.8609030185856255
IN_VIP --> EN_L3_5_IT_2,0.7969216992601342,0.004536420783814351,2.3432866684861797
IN_VIP --> EN_L3_5_IT_3,1.2926620151993142,0.0005936467661340388,3.2264718936556913
IN_VIP --> EN_L5_6_NP,1.265301932303861,0.0008291323251604543,3.081376152802011
IN_VIP --> EN_L6B,0.40466219885616544,0.39321928300648123,0.40536519303225166
IN_VIP --> EN_L6_CT,0.77269166372929,0.014142723608806062,1.8494669459583957
IN_VIP --> EN_L6_IT_1,1.3226752323189115,0.0038226333367368088,2.4176373570865803
IN_VIP --> EN_L6_IT_2,1.279751760208398,0.1212443901041722,0.9163383467724224
IN_VIP --> IN_ADARB2,0.8264238750355799,0.008838025145157542,2.0536447671562064
IN_VIP --> IN_LAMP5_LHX6,0.48743794192336526,0.37036320806901524,0.43137216271967604
IN_VIP --> IN_LAMP5_RELN,0.3970440873371522,0.329086925661212,0.4826893715068477
IN_VIP --> IN_PVALB,0.8628258942126297,0.0049141863396888535,2.308548379649935
IN_VIP --> IN_PVALB_CHC,0.7895016153363448,0.10023201257517178,0.9989935492838669
IN_VIP --> IN_SST,0.47984078644366596,0.11801483193232121,0.928063407765302
IN_VIP --> IN_VIP,0.23414529066954778,0.03687562883970827,1.4332605649314296
IN_VIP --> OPC,0.09490056473395433,0.7572597092701002,0.12075514961558147
IN_VIP --> Oligo,0.2342067306275809,0.6768491545393802,0.1695081092331618
Immune --> Astro,-0.7341627812376806,0.025526623472707566,1.5930066275831813
Immune --> EN_L2_3_IT,-0.13235828877261815,0.6205411913236605,0.2072293848810992
Immune --> EN_L3_5_IT_1,-0.3932725572356906,0.18796438016158631,0.7259244431030012
Immune --> EN_L3_5_IT_2,-0.19282450736431153,0.46891810173599413,0.3289030017838336
Immune --> EN_L3_5_IT_3,-0.042313890222546044,0.8793288115588076,0.055848696777065124
Immune --> EN_L5_6_NP,-0.48176261037295415,0.0858036687932029,1.0664941421911682
Immune --> EN_L6B,-0.3265546370100388,0.20877261837906708,0.6803264619277789
Immune --> EN_L6_IT_1,-0.5079734526156727,0.0939260742235012,1.0272138292518436
Immune --> EN_L6_IT_2,-0.40484771036357187,0.2786134458447954,0.5549979284171118
Immune --> IN_LAMP5_LHX6,-0.32718431464849457,0.21398713978216163,0.6696123261343021
Immune --> IN_LAMP5_RELN,-0.08647989525477208,0.8175971019655515,0.08746065659610412
Immune --> IN_PVALB,-0.37090541695969315,0.3436281009272969,0.46391132802286617
Immune --> IN_PVALB_CHC,-0.20336623021729522,0.49784090363505185,0.3029094237314428
Immune --> IN_VIP,0.21465027969138223,0.5419943220228307,0.26600526314255313
Immune --> Immune,-0.17147196488652086,0.31412680136659515,0.5028950079215991
Immune --> Micro,-0.2073154659347465,0.49757738559534803,0.3031393661273924
Immune --> OPC,-0.5079368709525548,0.0347792165966122,1.458680204725492
Immune --> Oligo,-0.4460622639720551,0.05894457298974581,1.2295561740990668
Immune --> PVM,-0.16462438211754454,0.5547656645722936,0.25589042602022444
Micro --> Astro,-0.9243795218028235,9.650673093694747e-07,6.015442395393708
Micro --> EN_L2_3_IT,-1.1063467552549708,1.1961066360572772e-06,5.922230100124538
Micro --> EN_L3_5_IT_1,-1.1200375901814794,1.0787258248435683e-05,4.96708892407366
Micro --> EN_L3_5_IT_2,-0.7238778525292734,0.0016708287942803937,2.7770680489148587
Micro --> EN_L3_5_IT_3,-1.1901378064470522,1.5583931861803267e-05,4.807322959342997
Micro --> EN_L5_6_NP,-1.3036944604002672,7.888580765913841e-05,4.103001123656735
Micro --> EN_L6B,-1.448227204565992,1.3721659025050467e-06,5.862593376831422
Micro --> EN_L6_CT,-1.3429275909706622,4.41844631727138e-07,6.354730417179376
Micro --> EN_L6_IT_1,-0.8505918396924258,0.0007868127884771278,3.104128589881434
Micro --> EN_L6_IT_2,-1.2217535473560457,8.736542650057488e-05,4.058660398608389
Micro --> Endo,-0.5092410221975255,0.08311946842447113,1.0802972428938182
Micro --> IN_ADARB2,-1.1840476946028466,0.00021551162950008608,3.666529289348073
Micro --> IN_LAMP5_LHX6,-1.0389936473517536,3.580572395504316e-05,4.446047540859451
Micro --> IN_LAMP5_RELN,-1.0109880827364537,5.58981877070867e-06,5.252602272284786
Micro --> IN_PVALB,-1.092262842430275,1.970666996684384e-05,4.705386756603769
Micro --> IN_PVALB_CHC,-0.6415038575974554,0.00688206833265283,2.162281019546137
Micro --> IN_VIP,-1.019919039085167,5.224531221714804e-05,4.281952671141468
Micro --> Immune,-0.4935915639461373,0.3268874168803104,0.4856017967173516
Micro --> Micro,-0.2997236211422512,2.4482234007136506e-06,5.611148955288553
Micro --> OPC,-1.0288677881143031,7.44345698943803e-08,7.128225316773459
Micro --> Oligo,-1.0948048363999991,4.00283767088143e-10,9.397632021703517
Micro --> PC,0.3242200397275085,0.2879686633016978,0.540654769517195
Micro --> PVM,0.12276235993076573,0.6950966109687018,0.15795482894278592
Micro --> VLMC,-0.5186075494336717,0.28783787681874984,0.5408520574771989
OPC --> Astro,-0.23588314353996098,0.5118303658803212,0.2908739518543573
OPC --> EN_L2_3_IT,0.16604872887978056,0.6983304616871642,0.15593901330181056
OPC --> EN_L3_5_IT_1,1.0871415647242773,0.0013326327514460489,2.8752895174992896
OPC --> EN_L3_5_IT_2,0.13943198517106137,0.7430150692109483,0.12900237815221577
OPC --> EN_L3_5_IT_3,0.7491752344294923,0.06845051952353323,1.164623251323308
OPC --> EN_L5_6_NP,0.24244406655421716,0.5070022677492076,0.294990098124722
OPC --> EN_L6B,0.3474452568548242,0.3492673958475032,0.45684195391118115
OPC --> EN_L6_CT,0.6892379812920898,0.05156516899723432,1.2876435545758675
OPC --> EN_L6_IT_1,0.4588576888846132,0.19124076370423124,0.7184195306535586
OPC --> EN_L6_IT_2,0.24663058864557957,0.6480827276228596,0.18836955299221386
OPC --> IN_ADARB2,0.783685649974368,0.011213442180250463,1.950261051952939
OPC --> IN_LAMP5_LHX6,0.359735163682662,0.40649208419607274,0.3909479072001419
OPC --> IN_LAMP5_RELN,0.30382970341703397,0.5324890850457948,0.2736892899605196
OPC --> IN_PVALB,0.5925314445561504,0.11343901804604191,0.9452375414966154
OPC --> IN_PVALB_CHC,1.3483249060885034,0.000556205714690351,3.254764553325625
OPC --> IN_SST,0.3710705292990061,0.28423329356974386,0.5463250524931654
OPC --> IN_VIP,0.37744164540505365,0.20906435102939164,0.6797200153465016
OPC --> OPC,0.0311574265080925,0.8127918201564415,0.09002067572796603
OPC --> Oligo,0.30454183292169723,0.5947003762796685,0.2257017867132129
Oligo --> Astro,0.1623450348819314,0.500956392137028,0.30020007748311345
Oligo --> EN_L2_3_IT,0.4353115543992622,0.06931503397156132,1.1591725595761873
Oligo --> EN_L3_5_IT_1,0.4474801830071978,0.07737890534525017,1.1113774183971479
Oligo --> EN_L3_5_IT_2,0.7025541549055951,0.005888913919118942,2.22996479391006
Oligo --> EN_L3_5_IT_3,0.8423600850983817,0.0007397707045295673,3.1309028710647824
Oligo --> EN_L5_6_NP,0.6868554059113959,0.01008090876974993,1.9965003155196863
Oligo --> EN_L6B,0.26247821664962,0.41040716336393546,0.3867850675300641
Oligo --> EN_L6_CT,0.5585085591622557,0.029225494799632656,1.534238127319894
Oligo --> EN_L6_IT_1,0.29661889325902285,0.3234474080035249,0.49019632479641506
Oligo --> EN_L6_IT_2,0.3115026131532783,0.3347270434725941,0.47530919843858216
Oligo --> Endo,-0.4229865307239839,0.41857911062688613,0.3782224491121067
Oligo --> IN_ADARB2,0.5622697096040706,0.12355433105111857,0.9081420263150464
Oligo --> IN_LAMP5_LHX6,0.8261921303650027,0.0005565200863160781,3.254519156183168
Oligo --> IN_LAMP5_RELN,0.5936655729641137,0.08407938002555623,1.0753104993165474
Oligo --> IN_PVALB,0.5412086992098268,0.03865477573077094,1.4127968420977521
Oligo --> IN_PVALB_CHC,1.032334594096954,0.0020118660496318643,2.6964009380506537
Oligo --> IN_SST,0.47415802578874194,0.2733002581105116,0.5633599581503032
Oligo --> IN_VIP,0.7822699744140473,0.005479992769514575,2.2612200145378925
Oligo --> OPC,-0.1616586164725845,0.609738393211916,0.21485645802857273
Oligo --> Oligo,0.0721627769743638,0.5111780196788549,0.29142782882738566
PC --> Astro,-0.26503656752836474,0.25003588947472316,0.6019976493993707
PC --> EN_L2_3_IT,-0.12642328492209795,0.5765912142460152,0.23913197941840544
PC --> EN_L3_5_IT_1,0.04026708001414353,0.8434879059987506,0.07392113998138942
PC --> EN_L3_5_IT_2,0.03839609386152934,0.8872303547008159,0.05196360814209123
PC --> EN_L3_5_IT_3,-0.01738293494493469,0.9423323625962917,0.02579589361531198
PC --> EN_L5_6_NP,0.07053562539117363,0.8050374862033428,0.09418389643683109
PC --> EN_L6B,-0.16382014273919987,0.5160278426283771,0.2873268650905276
PC --> EN_L6_CT,-0.05982842110150792,0.7836456168723915,0.10588029118248812
PC --> EN_L6_IT_1,-0.1728846203031832,0.46964525705627547,0.32823005924178367
PC --> EN_L6_IT_2,-0.19447930252496184,0.42739417988261597,0.3691713962151739
PC --> Endo,0.3991054793531681,0.1912492443246334,0.7184002721810909
PC --> IN_ADARB2,0.17481887691901296,0.5652552310171015,0.24775540989131567
PC --> IN_LAMP5_LHX6,0.09118148611135493,0.6823641643617112,0.165983789033709
PC --> IN_LAMP5_RELN,0.22551881597797702,0.2998731108803022,0.5230624749535657
PC --> IN_PVALB,0.19612806132590982,0.4412595667165269,0.35530586579186374
PC --> IN_PVALB_CHC,-0.037474368403827556,0.9015709678986789,0.04500008174944633
PC --> IN_VIP,-0.16623305236265573,0.7059664525298814,0.15121593609737347
PC --> OPC,-0.2520801754438531,0.3429701228322013,0.4647437110192137
PC --> PC,-0.07282935883792427,0.6004954001275769,0.2214903150002294
PC --> VLMC,3.5513711601227103,0.002002746677643333,2.6983739800420223
PVM --> Astro,-0.6555192833814438,0.14699964635858595,0.8326837100456976
PVM --> EN_L2_3_IT,-1.118019921312747,0.02835019528365989,1.5474439452252617
PVM --> EN_L3_5_IT_1,-1.151214782309799,0.06480212584160316,1.1884107468125245
PVM --> EN_L3_5_IT_2,-1.2882120572191271,0.015088342868637847,1.8213584555541522
PVM --> EN_L3_5_IT_3,-1.0062747901455487,0.02525423316014754,1.5976658142184554
PVM --> EN_L5_6_NP,-0.3927488898145364,0.4838504868586633,0.31528881761912614
PVM --> EN_L6B,-1.045574873462038,0.06998151894308724,1.155016635424961
PVM --> EN_L6_CT,-0.9050347958498102,0.060433015650676616,1.218725733605744
PVM --> EN_L6_IT_1,-1.161738716645953,0.12896966385636696,0.8895124320972315
PVM --> EN_L6_IT_2,-1.013393110300447,0.10832251419353463,0.9652812684548432
PVM --> Endo,-0.7564420260429116,0.08218175472816285,1.0852245900074338
PVM --> IN_ADARB2,-0.8109795113616538,0.11505906547037587,0.9390791577110685
PVM --> IN_LAMP5_LHX6,-0.8064297814256637,0.07533559204842828,1.1229997943404513
PVM --> IN_LAMP5_RELN,-0.7539486319151899,0.06771035714687772,1.1693448954551355
PVM --> IN_PVALB,-0.7516448900739401,0.17209211855289505,0.7642390189656756
PVM --> IN_PVALB_CHC,-0.8696194215147763,0.15576594540606956,0.8075274846533368
PVM --> IN_SST,-0.04856061787987206,0.9226266317343199,0.03497401358171938
PVM --> IN_VIP,-1.2277189759234495,0.09544627263221264,1.020241027007034
PVM --> Micro,-0.5162197494286245,0.22718513966168039,0.6436200795367203
PVM --> OPC,-1.2236010446189793,0.003656861688122105,2.4368914654812888
PVM --> Oligo,-1.0324794304313292,0.009717322787453946,2.012453370751509
PVM --> PC,-0.15574306028546198,0.8454816786229223,0.07289579901736518
PVM --> PVM,-0.1451771728171987,0.15840785619164297,0.8002232835036478
PVM --> VLMC,-0.5991073205547652,0.2060193215279635,0.68609204740037
SMC --> Astro,-0.46986858362813905,0.4244058305600519,0.37221865831767365
SMC --> EN_L2_3_IT,-0.27254726995694384,0.5859545231680698,0.2321360889368051
SMC --> EN_L3_5_IT_1,-0.25257761410409557,0.6606756050811508,0.18001172887238207
SMC --> EN_L3_5_IT_3,-0.15100285138251252,0.864537524619897,0.06321615174612838
SMC --> EN_L6B,-0.39359317248820513,0.5623949589173043,0.24995858081221825
SMC --> EN_L6_CT,0.03595556496269167,0.9503885481223724,0.0220988054407704
SMC --> EN_L6_IT_1,0.4903198069758383,0.4420177295198233,0.3545603105644778
SMC --> EN_L6_IT_2,-0.5582803872396503,0.2924054541235739,0.5340145309149964
SMC --> Endo,-0.8156130796377425,0.15205879335601022,0.8179884601264297
SMC --> IN_LAMP5_LHX6,0.03734038577157359,0.945197527949795,0.024477422883053043
SMC --> IN_LAMP5_RELN,-0.5509592710632752,0.3008446644445399,0.5216576864254155
SMC --> OPC,-0.7627762035969466,0.2652897070375338,0.5762795998613175
VLMC --> Astro,-1.1370592936780193,8.263681246255885e-05,4.08282644314163
VLMC --> EN_L2_3_IT,-0.9390022753603694,0.0002021049777947814,3.694422989789086
VLMC --> EN_L3_5_IT_1,-1.049664116878345,0.00016212921096214145,3.790138730883982
VLMC --> EN_L3_5_IT_2,-0.8953435237477348,0.0015436261488457098,2.811457873140799
VLMC --> EN_L3_5_IT_3,-0.7719184179693398,0.0036069892366896285,2.442855153620998
VLMC --> EN_L5_6_NP,-0.5726045323510826,0.06032182125860632,1.2195255545616543
VLMC --> EN_L6B,-0.6413653942768058,0.045267838420551196,1.3442102429564777
VLMC --> EN_L6_CT,-0.9455418631635729,0.0004787469788739684,3.3198939536238523
VLMC --> EN_L6_IT_1,-0.951584322519508,0.0021780124502849023,2.661939641993202
VLMC --> EN_L6_IT_2,-0.7620987348266015,0.01528911133086674,1.8156177569236487
VLMC --> Endo,-1.0844140955392794,0.011129284678023302,1.953532748546758
VLMC --> IN_ADARB2,-1.112276669178766,0.0008680276799988742,3.0614664256540394
VLMC --> IN_LAMP5_LHX6,-0.8384271245629379,0.003246510532957782,2.4885831837667305
VLMC --> IN_LAMP5_RELN,-0.9038279345896477,0.0006732376441587536,3.171831608392373
VLMC --> IN_PVALB,-1.0206437842131908,0.0006793576128808876,3.167901553530463
VLMC --> IN_PVALB_CHC,-0.43803387736722615,0.13978558452572404,0.8545376131663965
VLMC --> IN_SST,-1.6775969643025157,0.00013471033470877024,3.8705990847906033
VLMC --> IN_VIP,-0.860036008907548,0.010336040410773465,1.9856458013863734
VLMC --> OPC,-1.1638920108781259,0.00021689559121138927,3.663749275703766
VLMC --> PC,-1.2850242284569786,0.003456566879739685,2.4613550357088156
VLMC --> VLMC,-0.8300863152616471,0.027098169332229048,1.5670600477147467
