,att_all_ave,att_AD_ave,att_SCZ_ave,att_dat_ave
Astro:TCF7L2 -> ZFHX3,0.0004355132776760353,0.042687764750761324,0.03516106311619372,3.3203200455150404e-05
Micro:IRF8 -> HCLS1,0.5586039140170699,0.32861741063886296,0.5091663733758514,0.7574552410756173
Oligo:ETV6 -> AOAH,0.13562741342010737,0.7199211463901851,0.7413484337674923,0.02885698425858262
Oligo:IKZF1 -> SLA,0.9466696302066413,0.6128505385948452,0.9246149523671745,0.8257313959748152
EN_L5_6_NP:ERG -> EMCN,0.2371231232160538,0.20451861810298655,0.22931040900408847,0.3177422013610928
Oligo:FLI1 -> FMNL3,0.2967627746288464,0.3673262999704079,0.2239570922345615,0.36091728867273165
Oligo:RUNX1 -> MSR1,0.053747120473383515,0.01267646816747609,0.014078881838345767,0.24990429277078252
Micro:IRF8 -> LPAR6,0.7760102750848952,0.4444017504783284,0.44516364942496256,0.857989993299876
Oligo:RUNX1 -> ITGAX,0.518897152676784,0.6270051114664463,0.46079430172524416,0.5278869847907197
Micro:NFATC2 -> CD74,0.02523535905568598,0.3304361356935953,0.013998579178138985,0.06771086262645286
EN_L5_6_NP:ERG -> EPAS1,0.0056044315460945906,0.029121179664593873,0.08208207556212371,0.0008220987376639236
PC:TBX15 -> RNF152,0.43346812213611174,0.9876034807566725,0.5854046633789127,0.08134561707354127
Oligo:RUNX1 -> P2RY12,0.6319182217043587,0.33089502907522717,0.3145443178609658,0.9931927189044961
Oligo:FLI1 -> SRGN,0.3499331779667725,0.24262031343413498,0.2001732356019701,0.5708146998985457
Micro:IRF8 -> C1QB,0.12220488694847847,0.038511171174095936,0.02605478931248624,0.4074060691095255
Oligo:ETV6 -> SLCO2B1,0.0031885287195413422,0.4918673818086846,0.8350352808030641,8.777281057125203e-05
Oligo:TCF12 -> SGK1,0.9848493944466916,0.44212450880419163,0.8076650525006341,0.6556251460821649
Oligo:RUNX1 -> HCK,0.8091116753983009,0.6247226901812487,0.4070014205363899,0.8586319393205859
Oligo:IKZF1 -> ARHGAP15,0.042244443522066556,0.3070662045596395,0.11463312030382382,0.008101117691801758
IN_SST:MAFB -> PRDM1,0.44643171182063723,0.3199696438064482,0.2727681912415537,0.8692172999302731
Oligo:ETV6 -> TGFBR1,0.0076553785272970324,0.6608058403082908,0.619477409753667,0.000584032460602618
Oligo:RUNX1 -> SRGAP2B,3.775420145593443e-05,3.9320360249769905e-05,0.00017168930384892675,6.995000261785318e-05
Oligo:IKZF1 -> ALPK1,0.12921902048117961,0.3146038087145697,0.18791107146115404,0.09209399817862497
Oligo:RUNX1 -> PALD1,0.0675819244812791,0.2671293580833514,0.21753638011293577,0.06518143017623146
Oligo:IKZF1 -> LAPTM5,0.07794457588695983,0.19733757005881397,0.044192692004088194,0.08063179260442574
Micro:IRF8 -> CTSC,0.44500942278999156,0.24327167315304363,0.26766551905402997,0.7415495082538559
Immune:RUNX3 -> SAMD3,0.23711041697418228,0.20447579249007264,0.10855740429312499,0.5529321255672761
Oligo:IKZF1 -> MAML3,0.640081332240948,0.36329875024475755,0.33308645358779,0.9729449237810444
Oligo:FLI1 -> SFMBT2,0.007684449564872888,0.012398149933291244,0.005627467811678974,0.011684138327103662
Oligo:FLI1 -> ARHGAP24,0.0969702942898033,0.12696394945754969,0.08933737379730726,0.10916096771270895
PC:TBX15 -> ADGRD1,0.4747593381457196,0.19529478499075875,0.2798804509005869,0.9052243364118664
Oligo:FLI1 -> PIK3AP1,0.9892397131962468,0.7656413967737536,0.8069777643075833,0.8079015299453145
Astro:TCF7L2 -> GLIS3,0.38563624749589054,0.047074776384433074,0.08091028775358337,0.37635530827886854
Astro:TCF7L1 -> ATP1A2,3.1070995549686185e-07,0.0008545721020004331,2.120344425002404e-05,3.006735542448114e-09
Oligo:IKZF1 -> FMNL3,0.7443892280292499,0.7021623211525485,0.6761105978490132,0.82887193137398
Micro:TAL1 -> FGD2,0.7071739865630613,0.5904951796852407,0.8721515184957727,0.45023206232598745
Oligo:IKZF1 -> FLI1,0.866285564883436,0.48821564208142376,0.3291517264239231,0.3017764731522398
Micro:IRF8 -> IL13RA1,0.8991743516587927,0.6268021584110448,0.4543230240907654,0.5480640342341341
Oligo:IKZF1 -> DOCK8,0.6360065968068194,0.9806405277911285,0.7857116956140213,0.307986450225052
Oligo:FLI1 -> MSR1,0.09724733366146411,0.08952596089349345,0.0503837948963132,0.21303084382551504
Oligo:RUNX1 -> CTSC,0.7012578169702344,0.7319667284105424,0.6833930343759242,0.7212282000042178
Oligo:ETV6 -> SAT1,0.5089099257110239,0.18094292075040502,0.2312653017858942,0.9369666897678173
Oligo:FLI1 -> IRAK3,0.03170834506623779,0.048213033292683935,0.020645955744085752,0.04692271335512611
Astro:SOX5 -> PTPRZ1,0.12010125533547289,0.2985230456229577,0.41549999701798845,0.0709552854613629
Oligo:IKZF1 -> PLA2G4A,0.04654942054821365,0.17151681933790322,0.07914273545481372,0.019887139542949142
Oligo:IKZF1 -> AOAH,0.3590504462942352,0.3902463134730497,0.4281928337532088,0.3475499055683793
OPC:ZEB1 -> ZEB1-AS1,0.02998600518700117,0.021185600543735677,0.013113026402129213,0.1333795735470001
Oligo:FLI1 -> ARHGAP15,0.6976760218191703,0.9618622229919851,0.18017113448551894,0.9380137893639879
Oligo:RUNX1 -> RIN3,0.015223159602682194,0.01055716397278439,0.018664144514805022,0.0319231565336381
Micro:TAL1 -> CSF1R,0.46265745743635034,0.543143983227323,0.6312855296632911,0.40125651949179975
Oligo:RUNX1 -> LPCAT2,0.00536932193429837,0.009370687819012664,0.005112905821367674,0.008574375386407726
Oligo:IKZF1 -> PAG1,0.29416368682835276,0.092851256264121,0.21413957795086286,0.6330520613254735
Micro:IRF8 -> PTPRC,0.546718760531729,0.3160884786297429,0.5841401246232626,0.2258708249148095
OPC:ZEB1 -> DISC1,0.006838334333018444,0.12261905089599563,0.0054910436848315,0.013810895257000144
Oligo:IKZF1 -> ITGAM,0.8666085340854551,0.8113132527770375,0.914001061428453,0.6357685434482843
Astro:TCF7L2 -> EYA2,0.0030519522578086257,0.042457504715939794,0.019889324208076833,0.0003169548166680965
Oligo:RUNX1 -> FLI1,0.3842271652245458,0.4800505505226885,0.19073325041822303,0.8753541750089466
Oligo:IKZF1 -> RUNX1,0.6679084816524391,0.82942098869506,0.878597877397272,0.49966860295431104
Oligo:IKZF1 -> PALD1,0.7149784143611788,0.7801175450295965,0.9691998948229539,0.5954850297197438
PC:HES4 -> NOTCH3,0.7438192599515119,0.40473270280707196,0.5367317730140276,0.4352595444252434
Oligo:FLI1 -> IKZF1,0.2622028061475985,0.21098031522109748,0.2610030648816852,0.34493432644656696
Micro:TAL1 -> PLCG2,0.8364683402815978,0.6414697154830431,0.5607566588096806,0.7441337538914132
Oligo:FLI1 -> C22orf34,0.8307532168636989,0.8880462512917295,0.9127565073240731,0.6862469030540457
Astro:TCF7L2 -> NHSL1,0.00019974764340923665,0.01634334329811289,0.011941213301788864,4.453991617125069e-06
Oligo:FLI1 -> SLA,0.15233951720736696,0.11965098834317553,0.05842184034973274,0.28978487461157976
Oligo:FLI1 -> CARD11,0.7393762493994906,0.652206702207272,0.8603511870917199,0.7601062983143179
EN_L5_6_NP:ERG -> SLC2A1,0.02554119590480842,0.060746025638246645,0.08274440506260422,0.012002265477473942
Oligo:FLI1 -> PRKCH,0.3186741051863958,0.563554815274242,0.45220270704454646,0.20963990352686127
Oligo:FLI1 -> ARHGAP22,0.638244598032272,0.9431511312270424,0.8946881135926814,0.3830146334590703
Oligo:RUNX1 -> BHLHE41,0.5114567701643065,0.41124024379471724,0.5083605154953438,0.6144360378897831
PC:TBX15 -> SLC6A13,0.1962002699798884,0.16746717014076676,0.10514301229944549,0.37991357295752237
Oligo:FLI1 -> NFATC2,0.30693974319610273,0.09023953356607797,0.027300308939705004,0.9187293639812073
Oligo:RUNX1 -> TGFBR1,0.3673583607167512,0.46020970569383524,0.647220151372859,0.31478660377021817
Oligo:ETV6 -> FGD2,0.02507980248451904,0.1929196722320492,0.21198093696778417,0.01175267156372562
Oligo:IKZF1 -> WDFY4,0.6137650416687659,0.8859155396018589,0.5469407658666474,0.5714007976767861
Micro:TAL1 -> PALD1,0.41587755287469885,0.3404443654483954,0.43111762924640884,0.571042494481449
EN_L2_3_IT:SRRM3 -> NYAP2,0.5262210121029182,0.15418273931511745,0.13278983721917395,0.5255310355831496
Oligo:RUNX1 -> KCNK13,0.7616302608094718,0.8261187999917763,0.7223166577905118,0.765631232296869
IN_PVALB:ZMAT4 -> EPHA3,0.5008961657925574,0.5263812618142756,0.5505800861237771,0.49579706400263523
Oligo:ETV6 -> SKAP2,0.7226265599611099,0.027804894081196175,0.07038109110684505,0.47088637228987684
Oligo:ETV6 -> C3,0.2443810565475276,0.2028502994790412,0.7127498720762344,0.034215154800496334
Oligo:FLI1 -> CTSC,0.0007675060699080004,0.004373097618702084,0.0006314594568958054,0.0007825979768092609
Oligo:RUNX1 -> ETV6,0.1257606555357557,0.19094456648427902,0.6759703501062274,0.02189689065971948
Micro:IRF8 -> NFATC2,0.6551999753761089,0.6644201133744136,0.9028760241610918,0.6159757249166505
Micro:IRF8 -> DOCK2,0.2850623188939666,0.5683359893873852,0.4957612273927212,0.16761626646964928
Micro:IRF8 -> CD84,0.03570504328954542,0.3017737685663791,0.3988748247114464,0.0047042066713575675
Astro:TCF7L1 -> YAP1,6.923494582550104e-08,0.00013427236151432702,6.328468582187182e-07,4.1264924026737015e-09
Oligo:RUNX1 -> TBXAS1,0.10519102561820926,0.03883224764458016,0.013839100999554996,0.43126961989517254
OPC:ZEB1 -> PTPRG,0.0042034240112564306,0.0041596642288421505,0.002435298135782958,0.01621056959908698
Oligo:ETV6 -> APBB1IP,0.004998877599879685,0.8677321929497762,0.8796585610101075,0.0001506336606237504
Oligo:RUNX1 -> ABCC4,0.9019001458746325,0.8385967492580251,0.8453328253670215,0.9706631787243541
Oligo:FLI1 -> IL10RA,0.25530327463584884,0.6440125785333004,0.4818194828897159,0.11403541241742243
Oligo:RUNX1 -> VAV1,0.11730506851387253,0.11006034575989239,0.07690583659866775,0.19679821989681395
Oligo:RUNX1 -> LPAR6,0.3628861188492386,0.2925575977811996,0.2198866092703431,0.54280706813854
Astro:TCF7L2 -> BMPR1B,3.0231649807916343e-05,0.008228514151014053,0.0009285716595763006,2.621173117567049e-06
Oligo:FLI1 -> ATP8B4,0.033908029833877175,0.019050446783822807,0.011205196424261725,0.12460747859982213
Oligo:ETV6 -> CPED1,0.011448470854318065,0.3142361730289516,0.48991739115482713,0.001436939702632052
Micro:NFATC2 -> RREB1,0.1433229329817257,0.3932322775479724,0.024139614541771656,0.8294238275777641
Oligo:ETV6 -> CD74,0.1332171949210038,0.5876442880501063,0.6760916887525394,0.024569646536825803
Oligo:FLI1 -> BLNK,0.34031844359031616,0.24927776884953323,0.15558417814635384,0.5870723598720431
Oligo:FLI1 -> MAF,0.45482846259424603,0.8595556555668241,0.8269025242558928,0.2258667350222103
Micro:TAL1 -> SLCO2B1,0.3145257805681822,0.2171555244779796,0.06285402314192377,0.691594608755358
Oligo:FLI1 -> PLCG2,0.614344555146895,0.7131543285657633,0.9368051336551899,0.4864565122005796
Oligo:TCF12 -> PLD1,0.007252107437707138,0.2827112045163832,0.05563426139434488,0.0005662409260879618
Oligo:FLI1 -> TBC1D4,0.6146905377642423,0.6822584193876979,0.6445140009529763,0.5889186328057641
Astro:JUN -> FOS,0.2590058843935221,0.2794560824714712,0.47078981207698434,0.23372508490994162
Immune:RUNX3 -> ETS1,0.21421964506960736,0.47963049968674687,0.09653926324659606,0.2948838821550693
Micro:IRF8 -> LAT2,0.25841027745056905,0.5255117108466123,0.511050382033628,0.17386780042036185
Micro:IRF8 -> CX3CR1,0.34736710837101814,0.7286189719217018,0.8772053724728224,0.051607247568170186
Oligo:IKZF1 -> ATP8B4,0.8873321611034249,0.8790711348014,0.686615510938815,0.7176198767320254
Oligo:IKZF1 -> CIITA,0.44836100052706873,0.9928512209878587,0.8067507869994265,0.2590978995908021
OPC:ZEB1 -> COL9A1,0.060878141875558775,0.17572535816372917,0.06603127602102352,0.040658675236558514
OPC:BACH1 -> GRIK1,0.10013624704498006,0.19455265425529467,0.11654233749434033,0.06966892844164056
Micro:IRF8 -> SAMSN1,0.6235611195541422,0.17845700429671002,0.09358743317869692,0.6816920054098634
Micro:TAL1 -> DOCK8,0.621699953621309,0.7992852710063272,0.9459274862024236,0.3672476212128968
EN_L6_IT_2:CUX1 -> MCTP2,0.17121075068109232,0.11911089426332547,0.1726375818991767,0.3241743752831434
Oligo:ETV6 -> FAM149A,0.22199838787767312,0.7921793068982801,0.8607085471752576,0.052709327603848395
Oligo:FLI1 -> ABCC4,0.7718218529389187,0.9585243064220216,0.8973419714340545,0.6014413752612316
Oligo:IKZF1 -> PIK3R5,0.5858339481248176,0.11289563135067081,0.16743326100954334,0.7198280610020136
Oligo:ETV6 -> LHFPL2,0.03610389850061146,0.4412398546911511,0.3460988450183772,0.00458819721809832
Oligo:IKZF1 -> SP100,0.41153041529179224,0.5399764471132034,0.40936406188150765,0.43712606282772704
Oligo:RUNX1 -> TMEM156,0.660142715127537,0.7963042772376896,0.7043578940814261,0.6134321946646724
Oligo:FLI1 -> BACH2,0.07110689336725967,0.22690525976396908,0.1322969311160387,0.04340602241695552
Oligo:FLI1 -> KCNK13,0.0013957372540187242,0.03349259065232669,0.004653426738067276,0.000236500999352929
Micro:IRF8 -> C12orf75,0.01960445590969592,0.18879236676295116,0.11965206875512684,0.008705235641937462
Oligo:ETV6 -> CD86,0.5044675471703732,0.42605490953006475,0.40121750261586886,0.09734862399402937
Astro:TCF7L1 -> IGFBP7,4.74739470124284e-09,0.00014667877373492722,2.5425067050940714e-07,2.8196850335133263e-11
Oligo:ETV6 -> SRGN,0.7875225371430163,0.057772737111562576,0.0538406625207461,0.15332411142064523
Endo:KLF2 -> ATP10A,0.37677142443980205,0.3314069104036894,0.25889422882146135,0.6176566411936912
Oligo:ETV6 -> ALPK1,0.039256438639706744,0.8268947716553421,0.7805629337925343,0.00374139427653959
Oligo:FLI1 -> NCKAP1L,0.023019423019159206,0.015045371054251466,0.005174045237464899,0.07423864078501667
Micro:IRF8 -> WDFY4,0.9615220567911624,0.16280021646061824,0.42506740303053503,0.34894594803369405
Oligo:FLI1 -> IL13RA1,0.27848246145089484,0.36893616573960286,0.22732000002572145,0.31126051042107344
Oligo:ETV6 -> MAML3,0.19924672263595133,0.6201463421676461,0.6074862254413222,0.0749453852348951
EN_L5_6_NP:ERG -> CDH6,0.817401503682831,0.36679566456988555,0.4878512134812216,0.6913454202073562
Oligo:IKZF1 -> TFEC,0.731521364456836,0.8523160917870892,0.9070079019418493,0.5471888668419005
Oligo:IKZF1 -> MAF,0.8271670922161132,0.7596026305139196,0.8320479856901937,0.8880394499367371
Oligo:FLI1 -> A2M,0.15310883093978175,0.37232507738122556,0.25328134905236654,0.08256974031581864
OPC:ETS1 -> SYNE2,0.04562100146557368,0.04567365851556319,0.06035443477391901,0.06689747057026252
IN_PVALB:PRDM1 -> TAC1,0.36399001125716735,0.23571778500432208,0.12999167278661702,0.9799799914745695
Micro:IRF8 -> DOCK8,0.788303153334089,0.2882701974536869,0.36787220526459974,0.7573261550959725
Oligo:IKZF1 -> RASGEF1C,0.7502798259793783,0.6712541104367463,0.2821173083812175,0.9192331394416267
Oligo:FLI1 -> CD84,0.12181594428073073,0.09931121366835419,0.10470967658720004,0.17383638283156108
Micro:TAL1 -> P2RY12,0.027774867584058845,0.42599215468611407,0.1473114218618562,0.024009182585139576
Oligo:FLI1 -> ZFP36L1,0.6255623427352976,0.5732085012158691,0.29404332991450616,0.8855576999939723
Astro:TCF7L2 -> ARHGAP31,0.002266439731214798,0.0279328869354373,0.0074174057423110435,0.0013735404612190188
Oligo:IKZF1 -> SAMSN1,0.7033060362789718,0.6304541435860426,0.7436763453552417,0.7637009911479894
EN_L3_5_IT_3:BCL11A -> SLC8A1,0.3597766746433675,0.27650105729256635,0.30516323088467673,0.4521131442025017
Micro:NFATC2 -> RIN3,0.7050637181038395,0.3357403309431989,0.03582731336524586,0.41702219188975653
Micro:TAL1 -> SRGAP2C,0.006728310394099077,0.17982883766292207,0.23858446579130993,0.008879337323716806
Oligo:ETV6 -> LY86,0.37962784037718245,0.49978205465296643,0.2675685816870786,0.06013007204246611
Oligo:IKZF1 -> ARHGAP25,0.06775059490559739,0.0752031034296413,0.09600718490025137,0.08522980231022124
Oligo:IKZF1 -> BLNK,0.4712938633527699,0.5444137691254329,0.3130768017863593,0.5811179572788936
OPC:SOX6 -> SOX5,0.03614065300730261,0.2293101007804898,0.7417176893339577,0.0011208484051187532
Oligo:ETV6 -> BLNK,0.00348168985810409,0.5808515772146983,0.7696164551890887,0.001393945193830631
Oligo:IKZF1 -> NCK2,0.16441907554230384,0.9202857585830879,0.5956155295029832,0.022486823320767835
Oligo:ETV6 -> TNFRSF1B,0.07488244854003788,0.8173464003023121,0.9948467019412655,0.004479054173166124
Micro:IRF8 -> PALD1,0.8318072823695172,0.377898514043952,0.6067913386350416,0.8050936704675
Oligo:FLI1 -> ST6GAL1,0.007357521344447282,0.004218073544472121,0.004728803881692713,0.024276658801376333
Oligo:FLI1 -> ANKRD44,0.02391746916199863,0.13224997189179924,0.015894707676486822,0.016886742589687722
Oligo:ETV6 -> LPAR6,0.5866236411824943,0.053284336583908416,0.12858859545061432,0.08013543924988169
Oligo:RUNX1 -> LY86,0.13360758163240313,0.0375202469134594,0.106942123021377,0.2941186939477313
Oligo:FLI1 -> FAM149A,0.00987707734970898,0.061598266844434375,0.010621987172985186,0.007742521928723038
Oligo:FLI1 -> CD53,0.1902002835985843,0.9173489980533036,0.15991832414864232,0.08292506264815463
Oligo:RUNX1 -> ARHGAP22,0.14751817320431362,0.14603887508611332,0.14090978899931686,0.20968534727763624
Oligo:RUNX1 -> ARHGAP15,0.04540048581948289,0.06886208573249568,0.055008518598891054,0.048527137266756344
Micro:IRF8 -> FGD2,0.5204733975946999,0.5814332079189649,0.7531151304869019,0.4061982343205369
Oligo:FLI1 -> DLEU7,0.29478431549876005,0.527668045510644,0.39499287443387787,0.2178707306888306
Oligo:FLI1 -> ITGAM,0.914792296279351,0.7113101020893596,0.5973413345525233,0.8156932323201276
Micro:NFATC2 -> WDFY4,0.4184447359617335,0.7654358855717365,0.23354066234290183,0.5724474858656531
Oligo:IKZF1 -> IL17RA,0.1277972814947667,0.07657906318664312,0.07154095870362084,0.25162485967020903
OPC:ZEB1 -> KCNIP1,0.005647544327898438,0.02933094221982231,0.0026056261083956286,0.008568352548232822
Oligo:ETV6 -> ST6GAL1,0.0630312612357771,0.6542572564245712,0.6149119290840164,0.0057975922752843715
Oligo:RUNX1 -> CTSB,4.937844991228615e-05,0.00015588440901881967,2.475939657860488e-05,0.0001387079310316644
Oligo:FLI1 -> ETV6,0.0061910107460971895,0.008099030483859033,0.0023839438944119077,0.019756340769732355
Oligo:FLI1 -> ETS2,0.6810808266787616,0.7693187850816366,0.5600421068739085,0.7412158170059701
Oligo:IKZF1 -> CSF3R,0.6516797368101214,0.906446856014002,0.565400776450473,0.587301748604678
Micro:TAL1 -> TMEM156,0.8497180010737947,0.6407590763719127,0.5586902197794621,0.6359917282608682
Oligo:FLI1 -> IL4R,0.6213955141928207,0.9030196484609132,0.7048931835624902,0.5011127928024781
Micro:IRF8 -> TAL1,0.0021525764282719294,0.2739068747318156,0.20578104697984778,0.00012345297099432704
Oligo:IKZF1 -> CPED1,0.523612208142616,0.3850247065500837,0.4795740990395868,0.6691896510333262
Oligo:ETV6 -> SLC11A1,0.00022546861707948724,0.12228748938220142,0.04121531143695845,6.962235831575659e-05
PC:LEF1 -> COBLL1,0.5079662557577198,0.6055948665150005,0.6108126101662406,0.10652185189884449
Micro:IRF8 -> PIK3AP1,0.5106379569280907,0.674785302742408,0.5206863981195509,0.13859399390664617
Oligo:IKZF1 -> ST8SIA4,0.04216399777038346,0.0942237961588791,0.039148386289573796,0.06501195512349424
Oligo:FLI1 -> RNF144B,0.40912683949351036,0.3636258087930099,0.46407052859940334,0.46111750311508404
Astro:TCF7L2 -> YAP1,0.006021093475470821,0.06324165487602128,0.056635038605714574,0.0013655178522710362
Oligo:FLI1 -> ITGAX,0.35254723670154964,0.25209771668073294,0.17777257881728226,0.6080729055543795
Endo:LEF1 -> ADGRF5,0.6988320414975877,0.9589125283248174,0.8824262189274485,0.48504383884736424
Oligo:FLI1 -> MSN,0.4258431383298311,0.4377183645704884,0.2779284455868015,0.5415354067822573
Oligo:FLI1 -> MYO1F,0.10389567206144674,0.4716344394992633,0.14623374713678175,0.06704976442288454
Micro:IRF8 -> SLCO2B1,0.3795866222169215,0.46059779787058874,0.3380331165988364,0.428606377506644
Oligo:RUNX1 -> PTPRE,0.017940151586234975,0.13636255835619168,0.08810114139622176,0.0027006928305100555
Oligo:ETV6 -> ADAM28,0.00036194225549200415,0.361978021474481,0.1918724840698647,2.188698348343382e-05
Micro:NFATC2 -> SP100,0.5785795337564186,0.7758127756489706,0.6090234632008352,0.4923185920583423
Oligo:FLI1 -> AKAP13,0.005229073621486575,0.005067379434189603,0.006153335576658383,0.009906556268368097
Oligo:RUNX1 -> LCP2,0.625418653061729,0.6709352583231056,0.4931812106034078,0.6935525288780747
Micro:IRF8 -> IL18,0.5282567055461664,0.11896691664903264,0.09190448152602021,0.8303063735478134
Micro:IRF8 -> PLA2G4A,0.08840755101885835,0.019439968546854876,0.016413530180416074,0.3476531607244946
Micro:IRF8 -> CYTH4,0.8296010891209289,0.36593783088163134,0.32415815817856664,0.623147989587832
OPC:ZEB1 -> POU6F2,0.00997551731117426,0.009866818429827269,0.004511964973601673,0.040202271287738754
Oligo:FLI1 -> KCTD12,0.46549753747916855,0.6092387174461753,0.3927296644443522,0.4776121843838613
OPC:ZEB1 -> VCAN,0.000572744390449403,0.0059277898452757055,0.001706680372900737,0.00029750914639640195
Oligo:RUNX1 -> PLA2G4A,0.40341437486498855,0.13278873714205192,0.20454756767750382,0.8096261242600253
Oligo:FLI1 -> LHFPL2,0.02585159219789121,0.07098343652889505,0.05740586672049424,0.01462957817499352
Oligo:IKZF1 -> SLC4A7,0.06220961076974973,0.28433237094603914,0.0377967451229472,0.051695580427472444
Micro:NFATC2 -> P2RY12,0.41099834977185734,0.7153620406621696,0.446801599511951,0.23802668403765817
Oligo:FLI1 -> TLR1,0.12963021493964996,0.06415543326972953,0.0861717909267534,0.23735910902267765
Oligo:FLI1 -> SP110,0.1813821369234129,0.1218167824262298,0.06483499103644252,0.3752652831329578
Oligo:FLI1 -> IFNGR1,0.387834105375382,0.5766658995000542,0.22253683037518807,0.4531603020741861
Micro:NFATC2 -> ARHGAP25,0.899944358066123,0.6297402766542457,0.03042154367888995,0.5284425077519307
Oligo:IKZF1 -> SLC11A1,0.12410898182625082,0.050062342882353845,0.07792321605240032,0.27286329265451825
Micro:NFATC2 -> FLI1,0.010523697698544634,0.9120262508067136,0.009890737730929649,0.013148207342845098
Oligo:FLI1 -> ALPK1,0.023591623119333906,0.03209772362695152,0.01280138669634133,0.04674067079563854
Micro:IRF8 -> GPR34,0.21892426835705053,0.232214283357691,0.1996203633523333,0.2569789581845263
Oligo:RUNX1 -> ADCY7,0.024208006970043355,0.021248793700919054,0.015064853058021641,0.048687802049411706
Micro:IRF8 -> FAM149A,0.7988033296158208,0.7094456649100916,0.6709891549342976,0.5105023988142332
Oligo:FLI1 -> FGD2,0.35712886971493196,0.6497305960644679,0.2860357351133555,0.3127487591488107
IN_SST:MAFB -> GRIN3A,0.36442971636206123,0.24661873690042438,0.18589584723662164,0.7254582184788284
EN_L2_3_IT:SRRM3 -> TENM2,0.8909974965548755,0.4250555081318306,0.6100771871778714,0.5510911838072364
Immune:RUNX3 -> TC2N,0.10378429836404966,0.16386798287707574,0.1352127795755059,0.14994190842836722
Micro:IRF8 -> SYK,0.49426385078251456,0.15578597255887683,0.2122133233500948,0.9749288218540548
Oligo:ETV6 -> SCIN,0.038248873117707055,0.5884940701468908,0.36331851961136263,0.001805402797762434
Astro:TCF7L2 -> GLI3,0.0008920482230757511,0.027694006973004535,0.012570967276374264,3.132187439807788e-05
Micro:IRF8 -> ALOX5,0.4891501695158015,0.7751348750461206,0.8011779240049285,0.16393669386505003
Micro:IRF8 -> RASGEF1C,0.03052528858394593,0.21677009973228203,0.46522297028897275,0.006159412986775617
Endo:GATA2 -> TGM2,0.8568189544085247,0.8247053162829431,0.40151215806250384,0.81619474844112
Oligo:IKZF1 -> CYFIP1,0.014355026849009613,0.18155048833899545,0.060309276546347636,0.005383163066759046
Oligo:ETV6 -> ENTPD1,0.5847014198507337,0.9243139456884315,0.6430917985030027,0.25624496298900024
Oligo:FLI1 -> ALOX5,0.34519022651391873,0.25008925194086606,0.18288340672291664,0.5814078504637372
Oligo:TCF12 -> BCAS1,0.14872669077047418,0.9751258201855421,0.17761956189626982,0.08505448660991796
Oligo:TCF12 -> VRK2,0.7754417374383477,0.18269367906346892,0.9223028102373908,0.25183621075458335
Micro:IRF8 -> TFEC,0.3030353773509548,0.6772720624235348,0.47735847421049893,0.1465469333101725
Oligo:IKZF1 -> SKAP2,0.16085339594506176,0.9701275533806104,0.4562657755306547,0.025423636923295856
Oligo:ETV6 -> SRGAP2B,0.13565252837058622,0.47092710222503986,0.6507492015070027,0.013306251260950069
Micro:TAL1 -> NCKAP1L,0.6561185247137735,0.5032098347532558,0.5908163998124686,0.8701639536032325
Micro:NFATC2 -> PALD1,0.14298764905895847,0.806188904975838,0.7463488381370786,0.03557497059220727
Micro:IRF8 -> TMEM156,0.1252547617933099,0.5568936361713933,0.5016941567529394,0.07337284760365825
Micro:IRF8 -> CSF1R,0.5224631542512441,0.08803004664707191,0.8429837312091524,0.7037958515450624
Micro:IRF8 -> NCKAP1L,0.8239814279996247,0.48634792136098903,0.32939035587074517,0.9043131403993754
Micro:REL -> TNFRSF1B,0.0388533124337298,0.3502061933511669,0.26171916459959366,0.022374532706831967
Endo:GATA2 -> CLDN5,0.9705962182306864,0.7513526021367782,0.7161031402626045,0.7310883772408824
Astro:TCF7L2 -> CSGALNACT1,3.054928342298392e-06,0.0027622303259301935,0.0009365333997681491,1.624865460797345e-08
PC:TBX2 -> NOTCH3,0.9969974934723405,0.40351075837051553,0.5413234764298963,0.8501903436296465
Oligo:RUNX1 -> C1QB,0.006871321041687474,0.010531340303742292,0.013544204756435328,0.007891764008225846
Micro:IRF8 -> ITGAM,0.6699708427924437,0.8737707551687983,0.8112494142222424,0.31674117529824325
Oligo:IKZF1 -> DOCK11,0.005813860388560923,0.1571313620722736,0.03090457328481136,0.0005438058334726417
Oligo:FLI1 -> CSF1R,0.30028030760254526,0.17141544859274277,0.12600743976100082,0.5651451328819189
Oligo:ETV6 -> HCK,0.023679180444939413,0.619984268943234,0.5227633733486545,0.002268056032491996
Micro:TAL1 -> SP100,0.06814498554182165,0.13758654917567825,0.3779773453553603,0.09470360154191353
Oligo:RUNX1 -> MAML3,0.11665245418206059,0.332409401802355,0.0716533707076309,0.11386505996861475
Micro:IRF8 -> OLR1,0.9132287075802064,0.6232830301450882,0.6745174729868235,0.8667800082571611
Immune:RUNX3 -> ITGA4,0.06857944556697175,0.05571053129837442,0.027995564314736855,0.31254848696755005
Oligo:ETV6 -> TBXAS1,0.02201443967725214,0.7254156787802906,0.8848072027583896,0.0012693374272541166
Astro:TCF7L1 -> TNC,3.217953252014966e-07,0.00023692219338851175,1.91502597271499e-05,7.980250401605627e-09
Oligo:FLI1 -> C3,0.14649769497305548,0.051292504772674836,0.07930414036114221,0.3348234724308329
Micro:IRF8 -> RUNX1,0.2736130141606215,0.03052853988998152,0.07686695033011615,0.8593032120897348
Oligo:FLI1 -> SP100,0.7146010527862487,0.32641146997133563,0.6306628768274005,0.9178478050828733
Oligo:RUNX1 -> MGAT4A,0.023037400643605217,0.0638833471924208,0.02460268407021427,0.023823654466505875
Oligo:IKZF1 -> SRGAP2,0.008799348246516995,0.02745572551624458,0.008425321531469285,0.007962919062907376
Oligo:FLI1 -> ZNF704,0.7951802411725677,0.5342683180199062,0.5843857735477005,0.8145621121003885
Oligo:IKZF1 -> ZFP36L2,0.4966094004431504,0.9716267909709526,0.8007474956347919,0.2611758774311225
Oligo:ETV6 -> CD53,0.07090543877474707,0.6162957482304598,0.8179830886717916,0.03504276130114683
Oligo:IKZF1 -> ARHGAP24,0.9063048340045541,0.7059124617998769,0.9418822619047087,0.6350558118274465
EN_L5_6_NP:ERG -> SAMD3,0.007602154239492059,0.04423675661903886,0.011325649346827752,0.0029278983786478717
Oligo:FLI1 -> TMEM156,0.7322142222615828,0.6471190693457751,0.6658485083411503,0.8239639335209807
Oligo:IKZF1 -> AKAP13,0.09351675719950175,0.1550942744221651,0.10420147778229209,0.0804873552017317
Oligo:RUNX1 -> CYFIP1,0.42577566915769727,0.33976749686135077,0.34997701370915124,0.564574115149025
Oligo:IKZF1 -> ANKRD44,0.33024403452332785,0.6562326734273034,0.5189189539023391,0.1796798039531038
Micro:IRF8 -> SP100,0.8115902679798227,0.9412604771879065,0.5026870770859329,0.9093459750648458
Oligo:FLI1 -> DDX60L,0.649441133030455,0.987799899069899,0.6403320636636232,0.5103599099723919
Oligo:FLI1 -> PELI1,0.3622278024319301,0.4234746440461886,0.21761044468472604,0.4631672718895282
Oligo:SOX10 -> BCAS1,0.0016330054121145954,0.08282239025519594,0.03711576244197476,0.00021608216449798049
Micro:TAL1 -> CX3CR1,0.5715314997198168,0.9937217220985953,0.2007524056195079,0.7124392964191903
Oligo:FLI1 -> TGFBR2,0.01548356515655931,0.034821425769412113,0.008786604671375986,0.019951345130732018
Oligo:IKZF1 -> TMEM156,0.07509723011862636,0.07345875654498432,0.040574177495108825,0.1502831267461712
Oligo:IKZF1 -> RHBDF2,0.2468433229359344,0.22433281855521353,0.11428910521284164,0.4492115872936254
Oligo:ETV6 -> SLC2A5,0.010920147001907883,0.1745791643599147,0.163543370154877,0.006876854339252787
Oligo:RUNX1 -> BLNK,0.0025916153321966793,0.0002743236717627627,0.00015438307442356948,0.042792844671872644
Oligo:RUNX1 -> ARHGAP24,0.12185418923375428,0.19940072037377266,0.15713551329610936,0.11763787848695119
Oligo:FLI1 -> SLC2A5,0.7304738279255235,0.7568553138013356,0.9141449603218628,0.6593824383550537
Oligo:TCF12 -> WIPF1,0.29322729180078094,0.46380743763188326,0.9616918698378754,0.04163736320160549
Micro:NFATC2 -> PIK3AP1,0.5879008755881836,0.2095319994540755,0.10453601793295547,0.9193087193830759
OPC:ZEB1 -> CA10,0.014093829601881828,0.040313424937419656,0.016986389612158974,0.010132258640700359
Astro:TCF7L2 -> IGFBP7,0.017736526577192647,0.08293107749286803,0.10016535509229872,0.004441316128180013
Oligo:RUNX1 -> RBM47,0.08389903818977425,0.049775126669274236,0.040184850300183525,0.2197660496246001
Oligo:FLI1 -> SLC11A1,0.3963351630562084,0.43734291915555823,0.3329915977414828,0.4676826261323511
Oligo:FLI1 -> CYFIP1,0.035367761228485554,0.07460553160679567,0.032643206778410254,0.032534289751249966
Oligo:RUNX1 -> ATP8B4,0.14771539850922694,0.04486394991504783,0.07247360179611739,0.4350630488099475
Oligo:RUNX1 -> PLCG2,0.06807589999573248,0.044723344973985044,0.06314840303959172,0.13297157306933685
Oligo:FLI1 -> LY86,0.05044655643904475,0.12473415004379551,0.11796021255798593,0.03044476525053474
Oligo:IKZF1 -> CD74,0.11903729829494078,0.04054974357291473,0.03262721095528793,0.32429307722310774
Immune:RUNX3 -> IKZF3,0.09640880975052793,0.11847872626907954,0.18140888296766075,0.10996518261645702
Oligo:SOX10 -> PLLP,0.25428305484650404,0.597250437091499,0.2967494542935886,0.21037008225303488
OPC:ZEB1 -> LHFPL3,0.00870053564790836,0.006387662243138503,0.0036981099713987568,0.047452164486974854
Oligo:IKZF1 -> BHLHE41,0.7876433863009468,0.8856623640591617,0.7902660337638358,0.7549503979848633
PC:TBX15 -> GJC1,0.5769763004988411,0.7186143080521801,0.7250084391857041,0.25417719460382077
Oligo:FLI1 -> RREB1,0.1436447076140176,0.03391188905330544,0.011362147578160281,0.5549655725226377
Oligo:IKZF1 -> SOCS6,0.7612659770011772,0.938840401626353,0.7578089843314824,0.6556614365752553
Micro:IRF8 -> LCP2,0.0800721807860029,0.25738254756501355,0.5556555118077602,0.06599842223391034
Micro:IRF8 -> ST6GAL1,0.3373951152380732,0.15673082702704963,0.29549796864085803,0.7234200792785352
Oligo:IKZF1 -> STK10,0.808489755414088,0.6644722692892977,0.9495720300356235,0.450007381018925
Oligo:FLI1 -> UTRN,0.5587741941002798,0.9576693640298056,0.8572837481819829,0.3068399080282904
Micro:IRF8 -> APBB1IP,0.3666663537448779,0.022258413535185543,0.0419130877270253,0.9585717012374602
Oligo:IKZF1 -> BNC2,0.5378560227296802,0.3646070232307064,0.32786724671897893,0.8209521213582885
Oligo:RUNX1 -> TLR2,0.013678036861243841,0.027349421343362722,0.00734397537661423,0.02050669259473538
Oligo:IKZF1 -> CD53,0.44186357865185466,0.6203940649228175,0.46760618217000127,0.4077792630015945
Oligo:RUNX1 -> HS3ST4,0.0798603495771434,0.17901202153980206,0.04596593928997244,0.10380966538805797
Micro:TAL1 -> LAPTM5,0.1364054463716638,0.20760488699105603,0.0941795268089574,0.18212819847784695
Oligo:ETV6 -> SUSD6,0.4535951908518707,0.3847506297436706,0.44142064723524566,0.0631863161788474
EN_L2_3_IT:SRRM3 -> XKR4,0.901146227217616,0.5713210504661383,0.6213969389485187,0.6677010951960777
IN_SST:MAFB -> DLX1,0.6220066579617525,0.10661216667681345,0.5975167211232768,0.7431849748006583
Astro:TCF7L1 -> UTRN,0.00010189610895240298,0.020742608612111267,0.005619760963548719,1.6822571816174062e-07
Oligo:ETV6 -> MSR1,0.21764095022482918,0.8462696415439723,0.8911523258026943,0.04307199176748049
Oligo:IKZF1 -> ABCC4,0.1193779058520399,0.20260062728153605,0.061983063763536676,0.17027239727976667
OPC:SOX6 -> PTPRZ1,0.06258021820211856,0.30805549154606915,0.2441579947734013,0.016188507378326247
Oligo:IKZF1 -> DENND3,0.08840361082021331,0.7905370524568722,0.2767502811059884,0.02411813342372203
Micro:NFATC2 -> VAV1,0.25891477225299764,0.8317022108925212,0.5251953942047844,0.23353505699523733
Oligo:RUNX1 -> TGFBR2,0.053597337196036945,0.06624134778487946,0.13186449753170895,0.04755032379815904
Oligo:RUNX1 -> DISC1,0.0002706028310643087,0.008573248219311753,0.00020954635053068945,0.00010278312985648473
Micro:IRF8 -> SRGAP2-AS1,0.19079108453074928,0.04353315519597519,0.10660968956890497,0.48090156204304735
Oligo:RUNX1 -> PTPRC,0.008927143893582911,0.003129141454690806,0.0004323809382806495,0.06700559350477686
Micro:IRF8 -> ALPK1,0.2212205955615359,0.1473173748894349,0.16529988591065403,0.3539438525855769
Oligo:IKZF1 -> IFI16,0.22625647463648202,0.46463336908588126,0.27424746040740483,0.17083760324363256
Oligo:FLI1 -> DOCK2,0.022113649451948297,0.08235158792417839,0.009743263455888603,0.02593192696120671
Oligo:IKZF1 -> SYTL3,0.413634529154274,0.1343974359088722,0.1635123914961211,0.9541088249763217
Oligo:FLI1 -> ZFP36L2,0.11607122959914032,0.5589181477525744,0.3468618378273931,0.03724674982540652
Immune:RUNX3 -> PYHIN1,0.1752570078514349,0.08756591942264991,0.08274644864845636,0.6103836633665671
EN_L2_3_IT:SRRM3 -> RBFOX3,0.39462064483030335,0.24390176105822628,0.3217723753538049,0.6429680044850599
Oligo:TCF12 -> CREB5,0.013544554333892586,0.2719847694990016,0.06482321075471684,0.003799874211233861
Oligo:IKZF1 -> LPAR6,0.47476341263858624,0.43207489104933416,0.22926095652261333,0.6991348195558427
PC:TBX15 -> SLC6A12,0.40094974922760196,0.25827326071548395,0.14918173582453145,0.6061547975841968
Oligo:FLI1 -> ANKS1A,0.06433361536579314,0.03828384942535846,0.037035517988613154,0.1568030736636616
Oligo:FLI1 -> AOAH,0.302545630134441,0.2703500426195292,0.06947993335220817,0.5965489056858363
Oligo:RUNX1 -> CHST11,0.004285988020321099,0.0540801395359703,0.010231497776303972,0.0011539511715590988
Oligo:FLI1 -> IFI16,0.28267615152707987,0.14468616164488124,0.12209099615157955,0.5836129719572547
OPC:ZEB1 -> SMOC1,0.005742655934326803,0.016197297091243124,0.00553944676429892,0.00642405836770734
Oligo:FLI1 -> TNFRSF1B,0.4213209329691904,0.5132628718347442,0.1771882541408867,0.576256939497864
Micro:IRF8 -> HK2,0.04363733204884631,0.09000685178030754,0.07262034729001242,0.07788636254296154
Oligo:FLI1 -> LAPTM5,0.2411233786010752,0.3249519896901195,0.14484528594542212,0.30548955540044476
Micro:IRF8 -> LY86,0.11128332030454359,0.36158501021246137,0.9196703597452518,0.07359165640350032
Oligo:RUNX1 -> SCIN,0.007073536769808212,0.006535058850978431,0.004251151238792744,0.017336898566461617
Micro:IRF8 -> AOAH,0.5944364219076469,0.5269553841878145,0.6392844398835967,0.645360944929539
Oligo:ZNF536 -> ANO4,0.3366227903951282,0.7699699309363607,0.7509800130024088,0.11652473372037961
Oligo:FLI1 -> ADAM28,0.8812768689813002,0.908014977465253,0.8542656165978888,0.787214015124718
Micro:TAL1 -> SH3TC1,0.845740384793195,0.9415439575531271,0.2622006455585351,0.5007681867608975
Astro:TCF7L2 -> PDLIM5,6.371844066634499e-06,0.0026435577942554747,0.000802797984192923,3.2380050771409225e-07
Oligo:ETV6 -> IRAK3,0.9341934197553046,0.05115546053065959,0.35549352981517757,0.29190355028974113
Oligo:RUNX1 -> FGD4,0.0042560071990984365,0.02833285324841445,0.0008881988733333765,0.007723018571095733
Oligo:FLI1 -> SH3TC1,0.965279257380059,0.7257530115314615,0.7978457260745435,0.705402129857377
Endo:GATA2 -> ERG,0.03148446700522,0.018157860829171597,0.09247911511985986,0.037646117461815364
Micro:IRF8 -> KCNK13,0.541539308640705,0.8654745039279177,0.7835891348636894,0.24196972438408468
Oligo:FLI1 -> GPCPD1,0.31841033423560927,0.42305626175152744,0.34653088940423027,0.28989985754764386
Oligo:FLI1 -> DISC1,0.04374391851109652,0.0775503905281287,0.11170764771629164,0.04065034093275801
Oligo:IKZF1 -> FAM149A,0.2905066971224226,0.25870916490389767,0.18314428948293668,0.4641400051487278
Astro:FOXO1 -> LINC00598,1.4599267037131269e-05,0.0015323488357284205,7.649423612782511e-05,3.008798177769874e-06
Oligo:RUNX1 -> DLEU1,0.0234100990817056,0.031994344053570135,0.034535941390246544,0.030691055756285716
Oligo:FLI1 -> SAMSN1,0.6391906609666074,0.37986135022416867,0.46412502200845573,0.9658380689687664
Astro:TCF7L2 -> ATP1A2,0.06912152413345835,0.3856791577328318,0.3349694602404989,0.011612312944040113
Oligo:FLI1 -> HERPUD1,0.054524781303526705,0.07683975555208421,0.025839923134075744,0.08319777567211963
Oligo:IKZF1 -> A2M,0.4956781566994535,0.7483068567623472,0.4600045242154299,0.45238169931298144
Oligo:IKZF1 -> SRGAP2C,0.3806471862309947,0.9933694948491072,0.5993183758898588,0.1410481438375631
Astro:TCF7L2 -> PARD3B,0.001024236906113653,0.0640358585059421,0.025576719856813774,1.419908208253908e-05
Oligo:RUNX1 -> SLC11A1,0.8408562417968856,0.9741200850056778,0.8709577060717546,0.7997600736470184
Oligo:TCF12 -> KCNH8,0.23064561183466742,0.47536063780522586,0.29847095286417036,0.19919237190519098
Oligo:FLI1 -> TBXAS1,0.11470575686263326,0.18232408314524193,0.06628500033290778,0.17151146149571558
Astro:FOS -> JUNB,0.561478205055889,0.47292816453221753,0.6440930436996715,0.600162232646124
Oligo:ETV6 -> MYO1F,0.06173602315716033,0.22774661997197965,0.6394519147943598,0.007272845704968641
Micro:IRF8 -> SLC2A5,0.3776791612095892,0.19266581953039486,0.19125658456844039,0.6980631956802673
Oligo:SOX10 -> ATP10B,0.0241427610147333,0.1282243216016216,0.08033109649816038,0.012891503578290619
Oligo:RUNX1 -> A2M,0.8803025390593537,0.9031624624423726,0.7048976321174036,0.970257409578092
Micro:IRF8 -> P2RY12,0.786737871233469,0.41353843671133994,0.4969087144021339,0.8794009615255589
Oligo:FLI1 -> ST6GALNAC3,0.2694165751396505,0.24369410496042584,0.1474760978853107,0.4089946718673614
Oligo:FLI1 -> INPP5D,0.07210307888156324,0.02929840634457224,0.03984640486383931,0.2024331698236091
Oligo:ETV6 -> PIK3R5,0.005496043569269701,0.569879391666041,0.9311045636903004,0.0007563070944833454
Astro:TCF7L1 -> CD44,0.052966379143716595,0.30718607112885743,0.21494768931338393,0.007212595186224457
Oligo:FLI1 -> ZC3HAV1,0.49619852103352935,0.6755619915062061,0.7034771608511525,0.36880684499045047
Oligo:FLI1 -> USP6NL,0.03746443391273031,0.061315413357445975,0.017556191812007304,0.06346294884011316
Immune:RUNX3 -> CD247,0.0811144478930891,0.04890547579491489,0.03657036588599133,0.34528040445325914
Endo:KLF2 -> MECOM,0.16524218614519148,0.39974157349606987,0.40246543640876775,0.16638452660108843
Oligo:FLI1 -> LPAR6,0.23065538955152512,0.2111080190354682,0.1864562219370016,0.313477333570992
Micro:IRF8 -> FLI1,0.29353601328106976,0.5730232307134984,0.2515990111971698,0.3812005663383121
Micro:IRF8 -> ADCY7,0.16314558263515877,0.47276625824200735,0.25894298424766554,0.08873298990048606
Oligo:RUNX1 -> CPVL,2.0373787684590116e-06,1.0937581762595058e-06,1.4319174010131878e-06,8.739779212261686e-06
Oligo:FLI1 -> LCP2,0.9467340445962649,0.6737342138720612,0.8452049760520055,0.8089757816493934
Oligo:RUNX1 -> LDLRAD4,0.002676506030481238,0.003381235879557715,0.003933659012378545,0.005123680059039463
Micro:IRF8 -> RBM47,0.9290891620981729,0.43798081991861837,0.380093407213143,0.6123505231224105
Oligo:FLI1 -> MAML3,0.0832160505828921,0.19808593568303065,0.03248231043375009,0.1044034157466955
Oligo:IKZF1 -> DLEU1,0.6175094543748696,0.7974179066487475,0.39503436810157255,0.6884256187902738
Micro:IRF8 -> ITGAX,0.00013937635884012458,0.04002596491602774,0.01061986840125824,0.00015128574162031464
Micro:IRF8 -> CSF3R,0.2976007295408147,0.15822699242791924,0.04562101310650945,0.6844146921909433
Micro:NFATC2 -> MYO1F,0.14716397550734073,0.11423515843712087,0.36396632617636704,0.05217606560089418
Astro:TCF7L1 -> TCF7L2,0.015167100941664098,0.12432146790078553,0.21281175187879783,6.976203051894223e-07
Micro:IRF8 -> CD74,0.41382506981984646,0.9334614605450298,0.9675279742591902,0.1823278776636005
Oligo:ETV6 -> NFATC2,0.016562292682320692,0.2722548910886346,0.8498083893321964,0.0013392866410390136
Oligo:IKZF1 -> DOCK2,0.0433378281886954,0.08098357138462038,0.07830693039190816,0.03539928992612039
Micro:NFATC2 -> LY86,0.5202111007872811,0.23916653638966212,0.015989556957246152,0.8876675418200537
Oligo:IKZF1 -> DISC1,0.18173027613563406,0.8585004254278276,0.566614884074665,0.0368872816866606
Oligo:ETV6 -> ARHGAP24,0.041602788943443915,0.5337919468791354,0.7658696493144084,0.0033844308534401635
Oligo:ETV6 -> MEF2A,0.13259642509335476,0.9086873181379437,0.9993348115483021,0.02996557816511068
Oligo:IKZF1 -> DLEU7,0.767156240183995,0.9491206565944432,0.809434611029963,0.6209592601082043
Oligo:FLI1 -> PIK3R5,0.06090934698880396,0.11447230917675091,0.03811850423396133,0.07536669016953632
Micro:TAL1 -> SYK,0.6982362104337987,0.9038616525987313,0.7578052940198732,0.4197935058491835
Oligo:ETV6 -> WDFY4,0.02755297578013566,0.8938525474638138,0.849474324340163,0.0013458219412968932
Micro:IRF8 -> SH3TC1,0.08213068743278926,0.264215561908955,0.18298162356387096,0.10196397736882694
Oligo:IKZF1 -> MEF2A,0.7334323205642177,0.4254573984585105,0.6335484694056593,0.94423409886187
Micro:IRF8 -> VAV1,0.239657108554953,0.16041150855831984,0.09571272752704482,0.4825892747961633
Oligo:RUNX1 -> C3,0.24979040422398124,0.21557174643687282,0.3356944500654915,0.30692328964974536
Oligo:RUNX1 -> DOCK11,0.016790949591096813,0.22931940410234744,0.07363004361130442,0.006159011600861184
Oligo:FLI1 -> GAB3,0.8314885433298018,0.8643441122879224,0.6090304584937618,0.9455497194253658
Immune:RUNX3 -> ITK,0.44421332306915284,0.1277607364289597,0.125995608852726,0.6697071581069203
Micro:TAL1 -> INPP5D,0.28812171706470247,0.15819365627717444,0.6669747610985257,0.31898991748153527
Oligo:FLI1 -> USP53,0.06108761647536132,0.027432038859444532,0.0133094907412084,0.18305317266816348
Oligo:FLI1 -> B4GALT1,0.5489307253452437,0.42781642730836644,0.2552517854134255,0.8887539447468285
Oligo:FLI1 -> IL6ST,0.01164516306379333,0.014653790436990983,0.008726086592877923,0.018817495398837706
Oligo:RUNX1 -> IFNGR1,0.15517711478456286,0.1520118580717029,0.1255614412508187,0.20621639135640477
Micro:IRF8 -> INPP5D,0.723816522569214,0.7485651762822323,0.25375198123386744,0.7272214602003446
Oligo:ETV6 -> SLA,0.27391322810409957,0.10378657750348416,0.14123227191895366,0.040391477763257994
Oligo:ETV6 -> TFEC,0.24257548180286845,0.37383436466960185,0.31006156678508207,0.028657115728108834
Oligo:IKZF1 -> ARHGAP22,0.18424784955013387,0.125860062495636,0.3259675430687372,0.23074984927441533
PC:TBX15 -> NR2F2-AS1,0.6489102457035436,0.42165626457018635,0.3646008506586751,0.9236445871034201
EN_L2_3_IT:SRRM3 -> KHDRBS2,0.9482753950111817,0.325110895146824,0.3727061018777523,0.3718095606370041
Oligo:FLI1 -> PPARD,0.2175466922266643,0.41444763075811164,0.33131651642744475,0.1836734780064244
Micro:IRF8 -> ABCC4,0.9829160378024208,0.9359571832327898,0.5492240862464511,0.7989174240347817
Oligo:JUND -> PTMA,0.01511322295844407,0.8496990333176739,0.5278834470016367,0.000542242200841033
Oligo:ETV6 -> DENND3,0.00228011044989943,0.1538246717824,0.08021747378586998,0.0011727628100008602
EN_L5_6_NP:ERG -> SLC7A5,0.2804216436897141,0.5285460140408305,0.6235192108124196,0.11498804382523407
Micro:TAL1 -> IKZF1,0.7945541062697963,0.5692952213427126,0.5064425337077176,0.7964452505516458
OPC:ZEB1 -> MYT1,0.0017639511589310059,0.009258574066533937,0.003423694968829301,0.0006241363145034697
Astro:TCF7L2 -> PRDM16,0.15531479965458475,0.7130998795288288,0.6627075853152453,0.00019211680471188406
Oligo:ETV6 -> PTPRC,0.1282236055116774,0.4914789710012172,0.2949434278129212,0.011406620738250616
Oligo:FLI1 -> PALD1,0.7777927109973739,0.5983105530309543,0.6106146178355975,0.9815320923232038
Oligo:FLI1 -> HLA-B,0.8031782559852725,0.8115809838081143,0.8939114972798924,0.763486833520389
Oligo:FLI1 -> CSF3R,0.7704070259675972,0.9418376664185888,0.8901677912226539,0.6502049100157605
Oligo:FLI1 -> TM6SF1,0.035450701258206825,0.14942493849250077,0.06683731720963294,0.016486032774286768
Oligo:FLI1 -> HLA-E,0.24176026874390372,0.1609151413199182,0.27272728605624413,0.3836709145598576
Oligo:ETV6 -> IL13RA1,0.06153819193147357,0.755907430148397,0.7751575217334534,0.0033545787540078496
Oligo:RUNX1 -> ZFP36L2,0.10488195649604108,0.08586193507380299,0.08433782695524236,0.1519966744373745
Oligo:IKZF1 -> P2RY12,0.9566532079552339,0.8629536472159456,0.6870707741539862,0.7213469056142233
Micro:TAL1 -> PLA2G4A,0.2739131464096441,0.9607064039423661,0.4796899007110076,0.210010912019122
Oligo:RUNX1 -> GAB3,0.006363311194189048,0.003375764151408373,0.003506494802970413,0.027177881828191138
Oligo:IKZF1 -> NCKAP1L,0.4570413018474456,0.18108422348337294,0.13448674440344258,0.9110429191527597
Oligo:FLI1 -> CIITA,0.7672205247511702,0.8032318410538993,0.7118650338059802,0.5736488405518592
Oligo:ETV6 -> CSF3R,0.29030972798310195,0.698636323553883,0.963356820259207,0.0729013982767594
Oligo:IKZF1 -> ALOX5,0.03291592096189775,0.034156777007750674,0.02548655719436261,0.05074348158369136
Oligo:IKZF1 -> CD86,0.9834228917384744,0.9033637066170279,0.789172476773756,0.8829643738351659
Oligo:FLI1 -> CLEC7A,0.012071104770789128,0.018011971181512078,0.010152013644616244,0.017725339545514376
Astro:TCF7L2 -> C4orf19,0.001449118186326037,0.0392906887711394,0.02828264974091163,4.2917012021547124e-05
EN_L5_6_NP:ERG -> NOSTRIN,0.6064490701594067,0.6836930457634223,0.3389212138760397,0.12028169009847646
Oligo:RUNX1 -> CD86,0.9914786906375033,0.504418946518032,0.6076134471825234,0.5423102150823264
Oligo:ETV6 -> RUNX1,0.01693043307673083,0.19283259723710786,0.674400187834609,0.0005740617273619904
Oligo:FLI1 -> CPED1,0.008284617307252351,0.016998552020223486,0.010955829820065634,0.009584265439982467
Astro:TCF7L1 -> AHNAK,7.215965095554512e-09,0.0001264956619895799,1.2891436790336111e-06,1.686536645446426e-11
Oligo:FLI1 -> MYOF,0.743393392874103,0.9059134259265382,0.8052222064769636,0.6514262025026192
Astro:TCF7L1 -> PRRX1,0.0003212234946868877,0.0267433000426137,0.007156408230888518,8.378834526554294e-06
Oligo:FLI1 -> PECAM1,0.11129556090385355,0.19512964140661676,0.11832525958056518,0.11351473691447611
Oligo:IKZF1 -> GAB3,0.06629442916911166,0.16328727865074627,0.059625504588621946,0.05425353769660118
Oligo:ETV6 -> SH3TC1,0.08574473993473596,0.5277315563990819,0.9933992291704552,0.004898092463309169
Micro:IRF8 -> LYN,0.9896249250411181,0.14699173346890118,0.22355826149018773,0.5813495726920654
Oligo:ETV6 -> AKAP13,0.3866465862550985,0.10043191884924259,0.04628176485766639,0.8911060042090809
Oligo:FLI1 -> TSPAN14,0.25220759109264806,0.2278628569187017,0.14142858552627183,0.39625736100854714
Oligo:RUNX1 -> SLC4A7,0.4747967519867796,0.4762451785238109,0.7587944841571381,0.38010700811468656
OPC:ZEB1 -> MEGF11,0.0022117519831644553,0.004553604530926985,0.0009475225000442197,0.007525929302131079
Astro:TCF7L2 -> ZFP36L1,0.000508524125466291,0.03189976186300361,0.010265430905807369,5.173843495336276e-05
Micro:TAL1 -> C1QB,0.2614789611985578,0.26495756201821563,0.18174162001051306,0.35840038399664964
Oligo:IKZF1 -> ADCY7,0.5119334437980156,0.8770182072844063,0.3865540947066861,0.33215689845854834
Oligo:ETV6 -> EPSTI1,0.7322005299961668,0.3534239667256224,0.5164553602250119,0.2627017024463423
Oligo:RUNX1 -> LYN,0.8477845357763611,0.86810928985625,0.6251360542261105,0.5116178358271746
Oligo:IKZF1 -> CX3CR1,0.6043593354413658,0.6436294943037563,0.9654329773609645,0.4589699493300581
Micro:NFATC2 -> LCP2,0.0652490933761329,0.21589070023685525,0.28525911657722924,0.07723616378866494
Oligo:FLI1 -> NCOA3,0.5418439767336234,0.7717804895812045,0.8790553077360262,0.23607951127081025
Oligo:RUNX1 -> AKAP13,0.04063309652356744,0.034682627661108245,0.01966423878557989,0.10186143058574577
Micro:IRF8 -> IL17RA,0.043613253688363815,0.08009043635252583,0.06563825061090908,0.10073230896484103
Oligo:RUNX1 -> KCNQ1,0.15760680656273485,0.1937835798633342,0.3534115119940918,0.11200886538331838
Astro:TCF7L2 -> TNS3,6.539706450536848e-05,0.015513606934746361,0.0027638862817479645,2.107394124685225e-06
Oligo:FLI1 -> PCDH9-AS2,0.7806621861500351,0.6567232189624255,0.9547416846001664,0.746454749050637
Astro:TCF7L1 -> LAMA1,3.324462469952841e-06,0.012354986991264982,0.0007515368144771827,9.6351361637401e-12
Oligo:FLI1 -> RAPGEF1,0.002588336585436639,0.00781678699993861,0.00201229777627029,0.003475399898168882
Oligo:FLI1 -> CD58,0.24421723875377216,0.3710602124504677,0.301471356518854,0.23632869317179891
Oligo:ETV6 -> CSF1R,0.0016120308300379656,0.4954865958622948,0.7905075266714539,0.0001487751292287951
Oligo:RUNX1 -> ZNF710,0.26909704716662586,0.19230824372694388,0.12865406539165347,0.5001990121945881
OPC:ZEB1 -> ARHGAP10,0.014595254124801041,0.023237847315677348,0.006534699995313662,0.04106002258044471
Oligo:IKZF1 -> SMAP2,0.0001650226455343865,0.0009226660264105878,0.0003640385429838199,0.0003704561022979782
Oligo:RUNX1 -> SMAP2,0.00011324272692190055,0.0001851442514438013,0.002393019814419097,0.0001046448179827769
Micro:NFATC2 -> SAMSN1,0.5004578681923773,0.2505136539614909,0.3770708118607352,0.7904075273109188
Oligo:ETV6 -> RHBDF2,0.011632706265016533,0.6002792219360764,0.41609565302046514,0.0016693669463858152
Immune:RUNX3 -> GRAP2,0.1666993019587923,0.2579034079403211,0.11561675227205885,0.23322536935485377
Oligo:ETV6 -> CIITA,0.055314123938540134,0.6939217873929258,0.7376641514486757,0.006745990324247256
Oligo:IKZF1 -> INPP5D,0.12989863718292616,0.23148126483857143,0.08778852666351321,0.184142855871353
Oligo:ETV6 -> RCSD1,0.2689007596488418,0.9964236665065296,0.8410258523952002,0.06242913223578824
Oligo:IKZF1 -> SH3TC1,0.9249307597474254,0.9894974379417389,0.6499568734225563,0.7672715359874904
OPC:ZEB1 -> RORA,0.029416206253604676,0.062440232808603134,0.01708226815088104,0.03287723217390545
Oligo:SOX10 -> OLIG1,0.0059585425402032405,0.23518097170061097,0.18412988193820284,0.00033974706764635623
Oligo:FLI1 -> ARHGAP25,0.6857909126255957,0.7888696539847335,0.7936437788673597,0.4505281708527523
EN_L3_5_IT_3:BCL11A -> CELF4,0.3934323825435596,0.346200124479056,0.18499248174507038,0.6302573990600646
Micro:NFATC2 -> CD53,0.26332027712712136,0.9384189095427605,0.01739665148563161,0.44122526904455184
Oligo:RUNX1 -> CYTH4,0.27022302696666395,0.10584515775388338,0.3085075055783401,0.43000471388973815
Oligo:RUNX1 -> IFI16,0.3089572882264047,0.1498035933803355,0.31386118573223565,0.48653584882066137
Micro:NFATC2 -> ATP8B4,0.0022080769361852593,0.10886398234561327,0.008686301671123404,0.0048622961848114
Micro:REL -> PTPRC,0.8808206473618886,0.8896353899052025,0.9676230455301111,0.8707538614939407
Astro:TCF7L1 -> PLSCR4,1.165768313352634e-05,0.0015162752868151045,0.00010129442508261271,2.1946589054341342e-07
Oligo:RUNX1 -> SH3TC1,0.9453744176155906,0.9481528609095179,0.569790963497258,0.9357648259829863
Oligo:IKZF1 -> TGFBR2,0.3306243028315302,0.8787582412375741,0.6085084722359377,0.14819488169649359
Immune:RUNX3 -> CD96,0.05351674356161136,0.0646342862009742,0.04204657591233696,0.17548298062407441
Micro:TAL1 -> GPR34,0.9734108990325739,0.9339759906285136,0.9452675443378049,0.9791275298190447
Oligo:RUNX1 -> RHBDF2,0.7742264525741798,0.21924034423773164,0.5433340356553853,0.6277010374040696
Oligo:IKZF1 -> ST6GAL1,0.030101393294357223,0.10592086278329763,0.02667502959198176,0.022343678342618203
Micro:IRF8 -> RHBDF2,0.5817446400952271,0.5399859815643587,0.6223053380359116,0.31089030057752637
Oligo:ETV6 -> RIN3,0.0004282522769809666,0.327636146780505,0.2797065490545765,2.0868696267775566e-05
Micro:IRF8 -> C3,0.00885103707173412,0.0015423521857362826,0.0006148544014444446,0.07625345463734207
Oligo:ETV6 -> INPP5D,0.0006093180384447678,0.5476373792792331,0.2746369078997006,8.352230006636659e-05
Micro:IRF8 -> ADAM28,0.5490780680934819,0.12339793200652847,0.06244954660022733,0.6374815244635137
Micro:NFATC2 -> ARHGAP24,0.5983521098096749,0.5033768371236611,0.3364213765451548,0.5566282751722338
Oligo:FLI1 -> PLSCR1,0.10170390235242749,0.3161631466987779,0.14092010705769,0.05781043584156704
Oligo:RUNX1 -> FGD2,0.3119304594680184,0.3829766835903965,0.734811508926729,0.21631319442862343
Oligo:ETV6 -> BNC2,0.020994787607911684,0.3407705690651007,0.36323317814915346,0.0036467043830131097
Oligo:IKZF1 -> RBM47,0.12915755990002967,0.32197298713371847,0.1323751149869598,0.0923283336594895
Micro:TAL1 -> RHBDF2,0.5024220153939587,0.9698115101631635,0.09840547721719513,0.5766123396754874
EN_L2_3_IT:SRRM3 -> ATRNL1,0.48107825571166274,0.7717411007450112,0.9082494048170977,0.06311988721328565
Astro:TCF7L1 -> ZNF423,4.7229664948710065e-05,0.009580807627150505,0.0014715913534487676,1.1614783118598253e-06
Oligo:FLI1 -> SUSD6,0.5965356391694677,0.5832825662064937,0.8153916191509294,0.5387814548926171
Oligo:ETV6 -> PELI1,0.5592062705959104,0.35855456622878557,0.7743487910902317,0.28234202466713876
Micro:NFATC2 -> BNC2,0.33692731046642577,0.6460193336499904,0.15554968929230983,0.6721058403456719
Oligo:ETV6 -> NFIX,0.8147378431486859,0.7936369296521049,0.8198381968085743,0.8711911475800374
Oligo:ETV6 -> PALD1,0.0027745466603035143,0.5874492835070044,0.3308913704549775,0.00032179792647774925
Oligo:RUNX1 -> FOXP2,0.22125801556352287,0.20983569716078207,0.10572454753772743,0.34681328640604714
Oligo:IKZF1 -> LHFPL2,0.31934882919016316,0.457986314353924,0.32155559488774815,0.3137826799833039
Micro:IRF8 -> LPCAT2,0.9265385784042363,0.6997934940830752,0.5693962743523258,0.5923106076004698
Micro:IRF8 -> LAPTM5,0.3387462219732156,0.23822500791503914,0.17107726048265498,0.5579368765090917
Oligo:IKZF1 -> CHST11,0.12214131681623523,0.6839457502543147,0.26019163206759366,0.024367969601343
Oligo:TCF12 -> SHROOM4,0.022417560703345597,0.5865800936194479,0.0901471724514742,0.004222761476248734
Oligo:FLI1 -> CFLAR,0.907901169086224,0.6679034862021505,0.8126882520116945,0.8626402230227387
Oligo:ELF1 -> RAD51B,0.006827814912438416,0.4167972653975881,0.17526187938480733,0.0012676548425846828
Oligo:ETV6 -> DOCK8,0.0003978625108307678,0.430397201433929,0.423417783603231,5.675808280263681e-05
Oligo:FLI1 -> NLRP1,0.05329589358194999,0.043760429157495624,0.03326394585632269,0.08959943519332504
Oligo:FLI1 -> PGM5,0.132460189712626,0.13002240384246685,0.05095701646012275,0.24704791975064566
Oligo:RUNX1 -> NCK2,8.273619002399502e-05,0.003915849022347652,0.000440509576117846,2.8574507174682295e-05
EN_L5_6_NP:ERG -> CHRM2,0.7306102294899601,0.966318376041708,0.8389822957959729,0.5816692257084276
Oligo:ETV6 -> TGFBR2,0.042400488065312825,0.6432313768505304,0.374945837723613,0.0071230024372345765
Oligo:FLI1 -> TRIM38,0.07748745195835914,0.061706181312038116,0.09359182579206886,0.10003163712849714
Oligo:IKZF1 -> LPCAT2,0.04586211564249903,0.18180067142917664,0.052071960984982346,0.0361193599376836
Oligo:FLI1 -> CMKLR1,0.12322909080176465,0.1642673160769471,0.03275887189726245,0.2491180471960135
Oligo:ETV6 -> RBM47,0.0014762909963511148,0.40275821180733173,0.23717966097629914,0.00013284408680431695
Micro:IRF8 -> ARHGAP25,0.2892685164537293,0.12414253721639752,0.08648937506409736,0.6873076302005738
Oligo:FLI1 -> SRGAP2B,0.004448949388475751,0.011618936341890375,0.0018319756263659413,0.008363575602370232
Micro:IRF8 -> LINC01141,0.11806026843747092,0.3503784604727983,0.40930020765778163,0.07134864765475044
Astro:TCF7L2 -> SPON1,0.09799981999777188,0.16425031588694897,0.3155918452671334,0.0645462691697913
Astro:FOS -> JUN,0.6352285274409218,0.6152591247944834,0.42412502425227905,0.8397179241953003
Oligo:IKZF1 -> CMTM7,0.44589053442550663,0.7740628056041151,0.27002394605671404,0.4205170859651661
Oligo:FLI1 -> FGD4,0.23515670516983736,0.5054905894555722,0.3591287528729409,0.15167010566745528
Astro:TCF7L2 -> STK33,0.00013352141754891515,0.006066068534615138,0.0024152071043053377,1.6957553121265218e-05
Oligo:ETV6 -> IFI16,0.49198256765068415,0.9645155548345317,0.8679792782166619,0.2056564348523512
Oligo:IKZF1 -> RGS10,0.647445063511507,0.1986999515988453,0.619062715635507,0.9431552856256484
Oligo:FLI1 -> RCSD1,0.9520116053840626,0.651836398310695,0.881407742245245,0.7696099491453141
Oligo:RUNX1 -> CIITA,0.6556192720956986,0.5699554367168154,0.3981825282560355,0.9227019009293775
Micro:TAL1 -> WDFY4,0.2515025446144269,0.16051139208913393,0.019229451173855883,0.5084534090528896
Oligo:IKZF1 -> LCP2,0.6057986314469799,0.850747549655489,0.4762096776309098,0.5949295039259805
Oligo:IKZF1 -> SLCO2B1,0.5139223967251749,0.3517316278233117,0.2163916517228363,0.8374695709376987
Oligo:RUNX1 -> MYO1F,0.3320294872776576,0.25921277403166526,0.22131004982683308,0.49623213920120934
Oligo:ETV6 -> HCLS1,0.00390665601769664,0.8357630088955201,0.4688584028348538,0.00031059371072428353
Oligo:FLI1 -> B2M,0.15137803099348773,0.09948634972501728,0.10022678208354475,0.2713210098606236
Micro:IRF8 -> CLEC7A,0.7995259616216492,0.35792667985134785,0.3267665383525493,0.7012797643535278
OPC:ZEB1 -> LAMA4,0.0054735122065867736,0.015057934100289296,0.005181370065625728,0.00673202594772757
Micro:REL -> SAMSN1,0.3918191539764929,0.8931657186588414,0.864787697933062,0.08714296129989034
Oligo:FLI1 -> DISP1,0.11680896484699758,0.22638816800278896,0.07828326653141889,0.1318600229199064
Micro:IRF8 -> SRGAP2B,0.3456888766292393,0.5473706492985675,0.537504858059459,0.11541384727076641
Oligo:FLI1 -> MEF2A,0.022223553526395202,0.036610968504630165,0.009090590453519162,0.04114527468060767
Oligo:FLI1 -> SLC4A7,0.005279007196350485,0.0063177705800051475,0.007689772211522946,0.008710587063772727
Endo:SOX18 -> CLDN5,0.986020921376128,0.6995390098414032,0.7641604857960077,0.9812702652117716
Oligo:IKZF1 -> ITGAX,0.3297273964380254,0.4255000038295621,0.23691590788787784,0.3716496150771006
Oligo:RUNX1 -> ST8SIA4,0.26387406923587603,0.245436084505407,0.34292600688838204,0.259300408508049
Micro:IRF8 -> PIK3R5,0.41985172756954126,0.4876293350134039,0.6755008057776819,0.33494238519496344
Astro:TCF7L2 -> SLC7A14,0.0007637170777143536,0.01286268667317501,0.008467545789409302,0.0002511753339632802
Oligo:FLI1 -> PARP14,0.0805323498040204,0.3592480029260102,0.07358663332760725,0.04033522630558618
Oligo:TCF12 -> LPAR1,0.07209892979556652,0.8002908996848119,0.1743901010024428,0.010775572237109985
Oligo:FLI1 -> CMTM7,0.2486490218385004,0.29742080217762334,0.18191358137949634,0.3163693825715115
Oligo:RUNX1 -> LILRB1,0.6449770655846837,0.7213814510040926,0.7171912292580633,0.6045626962419917
Micro:NFATC2 -> BLNK,0.21685416220604925,0.6762100736390223,0.5078856493582609,0.09583200768931112
Oligo:RUNX1 -> ADAM28,0.6273978262495529,0.2909685045594655,0.22559435133954242,0.7422585795244692
PC:TBX15 -> NOTCH3,0.8701593175937281,0.512530853416088,0.3484472537262845,0.4063228477687909
Oligo:IKZF1 -> CD84,0.4141162208621818,0.5395634607660929,0.24572198111987667,0.5030720753390736
Oligo:IKZF1 -> SYK,0.05395001464817109,0.0960193754172446,0.016362096617337264,0.09960203263407413
Oligo:RUNX1 -> CX3CR1,0.08427852564851154,0.23461442910782757,0.28386182179242003,0.03421018449100643
EN_L2_3_IT:SRRM3 -> FGF14,0.5761298195136888,0.4083105843886926,0.41890146227822,0.8972830632951373
Oligo:FLI1 -> DENND3,0.0005505082477605782,0.0015277805370892633,0.00044578516711193033,0.0008647143153761968
IN_SST:MAFB -> KLF5,0.8166212008589565,0.8684561745913071,0.8315831482669729,0.6204128721499742
Oligo:IKZF1 -> LYN,0.04039114069738126,0.021211783323692134,0.013418883610046096,0.11091389571145949
Oligo:ETV6 -> IKZF1,0.017736036756596688,0.09938264148143273,0.7945787035049534,0.0004575753374735011
Oligo:FLI1 -> CD86,0.07918860687292821,0.0478794347956941,0.010637875819934042,0.266910791925209
Oligo:RUNX1 -> CD74,0.0714440267540763,0.0352091256093605,0.022235622713485143,0.22935510697675118
Oligo:IKZF1 -> APBB1IP,0.35267074340588866,0.35051529606005705,0.7022905117185072,0.3264255306017392
Oligo:ETV6 -> LDLRAD4,0.39394339507203224,0.8460981009174846,0.8675319564347388,0.10984480354821712
Oligo:ETV6 -> PLCG2,0.10680893581364359,0.90225519338802,0.5928075006348807,0.02107173947267929
Oligo:FLI1 -> IL18,0.4081186339662366,0.47912063083298484,0.44280250641465124,0.4006687542217455
Oligo:ETV6 -> SP100,7.717127345502644e-05,0.1362169255225989,0.38025573050560657,1.4871346975879286e-06
Oligo:IKZF1 -> CTSC,0.7271004574718375,0.9502470772321701,0.5741683092681975,0.6663456754414662
OPC:ZEB1 -> TNR,0.001542498056179816,0.020184398475099726,0.006702448678393215,9.460600505916642e-05
Oligo:ETV6 -> BMP2K,0.523951363729851,0.3374503589180965,0.7440621295082162,0.17641399707210256
Micro:IRF8 -> SLA,0.6717385900848081,0.47352717276371015,0.2871017794188352,0.9578485408877935
Micro:TAL1 -> FLI1,0.49525027119724785,0.9553885868214438,0.2252928584688158,0.28384096572939643
Micro:NFATC2 -> ARHGAP15,0.20495824142825736,0.8866561875875076,0.09895595462252743,0.31742592922854407
Astro:TCF7L1 -> FAM189A2,4.551887326309258e-09,2.7418628305769795e-05,1.0587556700943861e-07,6.415255084992454e-10
Oligo:IKZF1 -> MYO1F,0.36723230259034845,0.26703435752851534,0.15987028031435868,0.6048153135724161
Micro:NFATC2 -> AOAH,0.3137537291384771,0.8449177580267463,0.21353774276327192,0.39037175841436556
Oligo:RUNX1 -> BNC2,0.006097908294937036,0.0014606749844630815,0.0024298064764498293,0.02762936074258365
Micro:TAL1 -> PIK3AP1,0.5460782867094864,0.9824171816462391,0.9607965892024449,0.2931761661622924
Oligo:RUNX1 -> RGS1,0.07736215051231221,0.013122944740702733,0.00987151477832078,0.2991343257731336
Oligo:RUNX1 -> IL13RA1,0.07528002186663513,0.03926522482391554,0.07578109875388937,0.15548953947690494
Oligo:FLI1 -> WDFY4,0.5456159780589334,0.3261663245584079,0.2415266795227656,0.9280682906396452
Oligo:FLI1 -> ST8SIA4,0.09779658620237426,0.21247838564922017,0.0615366873507636,0.1444661763608627
Oligo:ETV6 -> PARP14,0.31986815880176617,0.7119877007271461,0.9279249112657564,0.06767303550095013
Oligo:FLI1 -> CPVL,0.10835143542261234,0.12654344959168554,0.05696676192000579,0.17811334300710496
Oligo:RUNX1 -> PLCB2,0.49567140426841605,0.2823081609757121,0.3898297448273206,0.7474380689722215
Astro:TCF7L1 -> SNTB1,6.525460378697962e-05,0.004030273354029273,0.0003729986933918601,1.5363835242269345e-05
EN_L5_6_NP:ERG -> PALMD,0.507425124218405,0.8576862532111745,0.8893063223428432,0.22313246038713144
Oligo:SOX10 -> CREB5,0.01210859083715422,0.18807189051525824,0.10749696464853231,0.005453583374380043
Micro:IRF8 -> LHFPL2,0.3632522157467777,0.6043914134071056,0.13713589114284863,0.18075151736488407
Oligo:FLI1 -> SLCO2B1,0.20819912324218087,0.18545583389190895,0.11465937438080691,0.3501653321884214
Oligo:IKZF1 -> ADAM28,0.22990004857636245,0.1581829691980589,0.15840159859084943,0.40556227404614753
Oligo:RUNX1 -> SLA,0.008620151923214118,0.037688946015883136,0.004974253946388851,0.01171339596633652
OPC:ZEB1 -> KCNT2,0.02639486779078304,0.05645043870061477,0.06654539048202765,0.012405668880167614
Oligo:FLI1 -> BNC2,0.15562899867867255,0.1600622770816534,0.10780835464225047,0.24744655177050132
EN_L5_6_NP:ERG -> CD34,0.7809963218745426,0.4547467947028724,0.2990489740172523,0.6295326683919813
Micro:IRF8 -> RIN3,0.257643511232068,0.1226807577058004,0.13281491807812384,0.49650391639706504
Micro:TAL1 -> BHLHE41,0.5925121138460394,0.4974642669671039,0.5766363260662748,0.7546699777531448
Oligo:ETV6 -> ARHGAP25,0.07148944091931021,0.8036123952148447,0.7142384892996194,0.004646609416040121
IN_PVALB:PRDM1 -> ST8SIA4,0.22252634018755768,0.5969129419178076,0.5602421296639981,0.021056460011372898
Oligo:FLI1 -> ZFHX3,0.21817553630250275,0.26281146238690317,0.2223583995326569,0.2363755003932795
Micro:NFATC2 -> ADAM28,0.05463198117129465,0.3091721467691524,0.43987489857063355,0.018422562390013983
Endo:GATA2 -> CD34,0.20327802432412806,0.0466441121471308,0.27012291025837487,0.3674639407424486
Oligo:ETV6 -> CHST11,0.5560412511623352,0.4546000775274792,0.2889370939145967,0.1613571006083738
Oligo:FLI1 -> EPSTI1,0.5655971886527651,0.4328198219130699,0.5053828722840412,0.7111003527694453
Oligo:RUNX1 -> LAPTM5,0.25541953021705777,0.11889129547039202,0.11048636611887937,0.5548835535456055
Oligo:RUNX1 -> HCLS1,0.25313609351031113,0.033819097854587664,0.025896973127084996,0.8710906979804655
Micro:IRF8 -> TMIGD3,0.6618772425273718,0.3854344045965189,0.5223235512597046,0.9587942507676984
Micro:IRF8 -> IFNGR1,0.0016520385402709267,0.16773407686382208,0.11471770420009483,0.0009548971772581013
Oligo:IKZF1 -> NFATC2,0.21947066679732452,0.3370238404939069,0.38037040462991223,0.23203935365676026
Micro:NFATC2 -> SYK,0.010955673032880194,0.4364819941670881,0.04854014709544172,0.010275401818503787
Micro:IRF8 -> HCK,0.1067482681741098,0.06271199889603968,0.021806898674281105,0.2777736469611232
Oligo:RUNX1 -> CSF1R,0.2563680840506666,0.20726078522477812,0.07953847822777452,0.5406020721238176
Oligo:FLI1 -> RB1,0.4319861818266052,0.9668286118861165,0.7853918024848573,0.15327967146210295
Oligo:FLI1 -> CTTNBP2NL,0.5299784093483233,0.4671748707900695,0.47961191105306056,0.6273910021431909
EN_L5_6_NP:ERG -> ANO2,0.008805273688304586,0.03064513745563541,0.0686473332489384,0.0012830021449370503
Immune:RUNX3 -> CYTIP,0.5710726905749252,0.4989303780054738,0.8807722311585837,0.407099077640528
Endo:MECOM -> FLT1,0.5767908460240159,0.21515369334691825,0.2897501369544069,0.8007308861426516
Oligo:FLI1 -> MGAT4A,0.03721255328559588,0.12188983111789017,0.055282246143981854,0.025436359333986677
Oligo:FLI1 -> SRGAP2C,0.38292447939346397,0.17342681688390107,0.17092492208325316,0.7404745572076656
Oligo:FLI1 -> TFEC,0.773434579895274,0.7354320331491162,0.6915102585892339,0.8479290296975064
Oligo:RUNX1 -> TFEC,0.19219722042680157,0.12731191927585825,0.09608089918723534,0.3825097795577672
Oligo:IKZF1 -> HCK,0.20709913885579767,0.5838425464453834,0.30924258320591613,0.08756820714263935
Oligo:RUNX1 -> PIK3AP1,0.9892584339498907,0.4707212410253532,0.4419325103956997,0.47331336478085106
Astro:TCF7L1 -> WDR49,7.87475704530008e-05,0.006477948141980697,0.0007844734896692817,2.153019158477382e-05
Immune:RUNX3 -> PTPN22,0.3283613361062241,0.28593065950968927,0.3052222406987691,0.5112171220386774
Oligo:RUNX1 -> IL18,0.4776795499138712,0.3924314721597496,0.36967717842401926,0.654176516037718
Oligo:ETV6 -> ALOX5,0.14309487647107272,0.20072556575230757,0.7688447966896781,0.010889212428114256
Oligo:IKZF1 -> SORL1,0.10711434008354181,0.2768210015009194,0.15027545245507293,0.055790675545922416
Oligo:IKZF1 -> C3,0.13290948524505078,0.22248300601801177,0.11090308035685817,0.14471595415232186
Oligo:FLI1 -> ENTPD1,0.9495009651468728,0.7149117049051621,0.9405602385179961,0.9138912232911984
Astro:TCF7L2 -> CACHD1,0.0009477660994082681,0.02301615434331589,0.007437283900348169,0.00021382341799230418
Micro:NFATC2 -> HCLS1,0.6178606790992194,0.270253319493328,0.22444444868538496,0.6001735671310314
Oligo:RUNX1 -> DOCK2,0.634007203343933,0.4626681455860612,0.5493150916554915,0.7976238200568275
EN_L5_6_NP:ERG -> CLIC5,0.01554844618346613,0.09572626171501351,0.06253667928306976,0.002770591761182682
Oligo:FLI1 -> TRIM22,0.13460676726718557,0.2171510124472523,0.08642509905000804,0.1691380481477872
Micro:IRF8 -> LILRB1,0.000613326735439657,0.05935850324716991,0.13744312928687114,0.0008470756481224671
Oligo:RUNX1 -> ST6GAL1,0.007807534728826911,0.023889745043031426,0.00737352052154284,0.010815652386904245
Astro:TCF7L2 -> PRRX1,0.012610540219872193,0.09615314351125799,0.09240786750778714,0.006730162746993991
Oligo:IKZF1 -> PLCG2,0.3349027172241872,0.3637677197412168,0.25202843074865455,0.43433447990292495
OPC:ZEB1 -> CDH10,0.05015356209065477,0.042573327188992,0.029686172003366176,0.14614945633268392
Micro:IRF8 -> DLEU7,0.8818578001401508,0.5683131246941477,0.8307410318986537,0.513591220082136
Oligo:IKZF1 -> CSF1R,0.45697955895048703,0.46172920978165166,0.24924409659139535,0.6201136848771526
Oligo:FLI1 -> ADCY7,0.07682427717081715,0.13829675417417145,0.02505108678991094,0.11511417140692948
Micro:IRF8 -> SOCS6,0.6063931831266105,0.9389429424701472,0.8638940290209771,0.394627930311921
Oligo:FLI1 -> CTSB,0.0011273963502294745,0.00138327441871853,0.0014502809586455525,0.004004135936659851
Oligo:ETV6 -> ATP8B4,0.3251646836249896,0.06852061352227648,0.12686705336582785,0.01684231924401067
Micro:IRF8 -> BLNK,0.5315884735836843,0.8309217467874896,0.7404853114133518,0.22903721285099907
Oligo:RUNX1 -> LHFPL2,0.00012514150722699814,0.00033274050382033977,0.0003675810141775788,0.000118828597903779
Oligo:IKZF1 -> PTPRC,0.17675844684924547,0.09594896811798968,0.10728828598385741,0.30983621899224556
Oligo:RUNX1 -> CSF3R,0.22303545212597883,0.3208389836967719,0.3172176399740503,0.19883430409927086
Micro:TAL1 -> RGS10,0.8203327670382888,0.30459750049991857,0.25497084714716145,0.5564251725843791
Oligo:FLI1 -> PLA2G4A,0.403683403284287,0.534109317542204,0.6454142612558094,0.31566805467500253
Oligo:IKZF1 -> FGD2,0.2395080783934785,0.2213691092845845,0.1918938323296107,0.393317446744583
Oligo:FLI1 -> LRCH1,0.23288943834982467,0.30627949336136756,0.23748467926432773,0.22757854808664002
Micro:IRF8 -> BIN2,0.4067103319345907,0.2916189509203411,0.19553764783552957,0.6969375117821432
Oligo:RUNX1 -> SRGAP2C,0.0002579622415900608,0.0001451347182956404,0.000358854757946527,0.0011918185116046704
Oligo:RUNX1 -> ITGAM,0.2626277674369905,0.22038109368386374,0.19200774095414053,0.3591978409514327
Oligo:IKZF1 -> ENTPD1,0.36326976690050916,0.5642255488443191,0.24998790658017622,0.40993301227357437
Astro:TCF7L1 -> PARD3B,2.172725634238469e-07,0.0008713481719008254,6.770349129917625e-06,3.0302970238126195e-10
PC:TBX15 -> NID1,0.07965773370451112,0.08039097581583214,0.24324428221176309,0.05852526698774276
Oligo:FLI1 -> SRGAP2,0.005775603594307523,0.016498968907382405,0.004585592588550504,0.006649706551852622
Oligo:IKZF1 -> KCNQ1,0.2046549640147833,0.3918570168651817,0.1941276545048602,0.17563451176629039
Oligo:IKZF1 -> BIN2,0.6559564005102768,0.7559531816077152,0.5632648796701658,0.6784406445461876
Oligo:RUNX1 -> FAM149A,0.008176157363364696,0.003310349622592922,0.001501531084162616,0.04326077650785028
Oligo:RUNX1 -> INPP5D,0.19901831540816717,0.10042753883157352,0.14425561472565637,0.38864089953471326
Astro:JUNB -> FOS,0.01665355718376213,0.0064273905621464135,0.010016016884402458,0.06466578043406045
Oligo:RUNX1 -> SKAP2,0.017881901081170753,0.027964336755646586,0.013630440541091655,0.026095664305377284
Oligo:RUNX1 -> IKZF1,0.7457747141052828,0.3854937377821912,0.6373369557117499,0.9484613104177833
Oligo:ETV6 -> SYK,0.2075140355587163,0.1073912078990702,0.11774528897466348,0.01339462212515566
Oligo:IKZF1 -> IFNGR1,0.06972667839851493,0.19053944174402382,0.05103140485160373,0.08816291697485072
Oligo:ETV6 -> LPCAT2,0.2535000423847431,0.9958689775829062,0.8218887014064666,0.04391730355777278
Oligo:TCF12 -> FRMD4B,0.002445846230723492,0.08271452090793746,0.04275839301345435,0.0006677341533588335
EN_L2_3_IT:SRRM3 -> DGKB,0.863557069118543,0.3894180170655852,0.3161240892674581,0.4121431491830746
Micro:IRF8 -> TGFBR1,0.7271429788881305,0.2799699611573291,0.18072880344726208,0.7578187332361456
Oligo:FLI1 -> HCLS1,0.09787356569312504,0.15884869525212483,0.01594091470200396,0.22400073186233468
Oligo:FLI1 -> RUNX1,0.28604923841364177,0.13475434395646363,0.06736150695603291,0.8325830891897774
Oligo:ETV6 -> FLI1,0.005079630003687958,0.6994053827542611,0.2301687238173671,0.0011654856469911347
Oligo:ETV6 -> ST8SIA4,0.3420102621608547,0.35346028367575266,0.40914770673171974,0.046965921973064234
Oligo:IKZF1 -> TLR2,0.8449303308336336,0.4693418446447961,0.6615435732702244,0.2996157842009215
Oligo:ETV6 -> TLR2,0.15022580851851253,0.5968979337478248,0.6991434007065305,0.008342701768771249
Oligo:IKZF1 -> SUSD6,0.05188734227019454,0.30600010444567527,0.12161762728319536,0.012063122529329782
Micro:NFATC2 -> NCKAP1L,0.02966880066882209,0.39021055270750127,0.22397120881903762,0.005299536940138479
Oligo:RUNX1 -> TNFRSF1B,0.1862322299366635,0.19527232259090513,0.19662196171982466,0.240976720706743
Oligo:FLI1 -> FOXP2,0.30381389499108596,0.35862449758263215,0.24661005752055176,0.35249386181328735
Oligo:FLI1 -> IFI44L,0.40317416586803045,0.3914091256839273,0.24800170734547874,0.5464570752431965
Oligo:ETV6 -> PLSCR1,0.8953960742373355,0.05756001715298851,0.16824925400666674,0.18248448952406027
Oligo:RUNX1 -> DENND3,0.004968036390325129,0.0038986771314365085,0.002729395664213186,0.014834090774027425
Micro:IRF8 -> PLCG2,0.33527758201737035,0.7691780197615832,0.9106678997976146,0.16897626043465364
Astro:TCF7L2 -> MAML2,1.0068580999414104e-06,0.001074482913438989,8.855332953680755e-05,1.3290774927762532e-07
EN_L5_6_NP:ERG -> ANXA3,0.13188647686312457,0.36163080648532686,0.38804723137349273,0.03297342467787227
Oligo:FLI1 -> TLR2,0.07392706626133487,0.15653275589645282,0.08966446663982278,0.06782501270862835
Oligo:RUNX1 -> MEF2A,0.01825147419581148,0.027861758658339102,0.015233908524647968,0.02929008059994219
EN_L5_6_NP:ERG -> ZNF366,0.44368827904781394,0.4459662016557653,0.32091293527894527,0.2795962279907295
Oligo:IKZF1 -> TGFBR1,0.030745477570940365,0.3156157742946244,0.042187105436236244,0.00984482604650156
Oligo:FLI1 -> RHBDF2,0.07480705549144452,0.1014358694918312,0.05773952837143334,0.10216613295408804
Oligo:FLI1 -> MIS18BP1,0.02763663956096444,0.11406811945050584,0.0393193778932272,0.010755778491337112
Oligo:FLI1 -> DOCK8,0.5612801067819959,0.9343820580059607,0.3067097339631528,0.16240641093405292
Oligo:TCF12 -> ABLIM1,3.059875971822937e-05,0.026911480354024426,0.01061486141401632,2.286614080616607e-06
Micro:TAL1 -> ADAM28,0.33933775599556015,0.9858979675845101,0.9808904503306046,0.20159728721978126
Micro:NFATC2 -> CSF1R,0.7717679904798428,0.06906081218937342,0.15572107283754524,0.8382184725776168
Oligo:FLI1 -> LPCAT2,0.025533864602258184,0.019882606907962234,0.02196912168289552,0.055434651221505093
Oligo:RUNX1 -> SFMBT2,0.00972274526161555,0.012199094055998456,0.010768727352942653,0.014686986740843542
Oligo:SREBF2 -> INSIG1,0.0004119180093101432,0.04523879862259675,0.014829472957588612,8.233747562823277e-07
Oligo:SOX8 -> OLIG2,0.00023636468254442674,0.958862957519395,0.22428057186850736,6.934130046153503e-05
Oligo:FLI1 -> PDGFB,0.42864521725868365,0.553767716924572,0.5372498239994373,0.34866081698735185
EN_L5_6_NP:ERG -> PECAM1,0.554876115161935,0.4098573659676513,0.33265812642950177,0.8345888282800392
Micro:IRF8 -> CPED1,0.33592447313987883,0.17276071465486706,0.1531617821212546,0.6132434187580049
EN_L5_6_NP:ERG -> QRFPR,0.9126931341242837,0.6543341167260719,0.5270905331035189,0.6767783926137512
Astro:TCF7L2 -> RFX4,0.345582899606265,0.5955329223138219,0.6034135598548609,0.12065244832801977
Oligo:RUNX1 -> CD53,0.07468592432692052,0.043231669045024165,0.020511607362081304,0.21640074101196416
Oligo:IKZF1 -> TBXAS1,0.2220048409520993,0.3856120454368164,0.11928506677948687,0.2679077944286835
Oligo:FLI1 -> SWAP70,0.3890032491795201,0.2258845157944271,0.2660759779720032,0.6223815562847004
Oligo:ETV6 -> SRGAP2,0.05805183096753011,0.6530933417591169,0.6291378464224517,0.01246575048871775
Micro:IRF8 -> CD86,0.36383336480527506,0.9666743379219545,0.8993011065144303,0.12408933297672034
Micro:REL -> GNA13,0.5235949703731718,0.7915097727597488,0.8504745668939501,0.29364890628349927
Oligo:RUNX1 -> NFATC2,0.44571254921774295,0.9957272677405291,0.20325378520447382,0.05937821690496414
Oligo:RUNX1 -> NCKAP1L,0.6256140455534072,0.446315264631829,0.48845458286290677,0.8364278419370073
Micro:IRF8 -> ARHGAP22,0.14594933200311097,0.24485767705265374,0.27304209979702077,0.10646481275407321
EN_L5_6_NP:ERG -> SLCO4A1,0.8797594667446735,0.8315375917370915,0.8371557634312281,0.5994013988650518
Oligo:IKZF1 -> RIN3,0.3160752384434332,0.36197843465196433,0.15734096425731633,0.46509749146479396
Oligo:RUNX1 -> DOCK8,0.17095764558005525,0.9587331576355707,0.9301035497815674,0.01872598023549305
Oligo:RUNX1 -> ALOX5,0.014058678856172077,0.009661057355276267,0.005677958284284168,0.04099555777849621
Oligo:ETV6 -> PLA2G4A,0.07670821090627677,0.9696548193536891,0.8335207452697688,0.011621979481657068
Oligo:RUNX1 -> SLCO2B1,0.03700727995846363,0.0038956180948846856,0.0029929427695623073,0.2952109598322035
Oligo:FLI1 -> HCK,0.00666451506304214,0.04203516964535734,0.0013249194639736142,0.010880110947108019
Oligo:RUNX1 -> PIK3R5,0.10006182910821124,0.13342717047099575,0.037626729080339656,0.16904660776172534
Oligo:FLI1 -> XAF1,0.8336611065049002,0.49177010619077566,0.9054103498702104,0.9179305993477967
Oligo:FLI1 -> DLEU1,0.08507565386642754,0.22285067090298832,0.29417034587840835,0.03813921604586937
Oligo:FLI1 -> RBM47,0.13266289661570346,0.14024558474913873,0.043440045275291064,0.24990438475000817
Oligo:RUNX1 -> PAG1,0.02393247269083585,0.06945334227348476,0.017464981683330657,0.03182729001683028
Oligo:FLI1 -> FAM177B,0.5023428796117843,0.8372927137690463,0.5996857492733203,0.3018080515530085
Oligo:SOX10 -> KCNH8,0.2913194838358898,0.5297173599019753,0.48153096424391806,0.20062710809988737
Astro:FOXO1 -> ITPKB,0.034849082545570884,0.10527817429484623,0.034506039479051495,0.037871057603379187
Oligo:IKZF1 -> PRKCH,0.07854747393782917,0.21595032248669657,0.11437068032734538,0.07194017021237838
Astro:TCF7L2 -> BCL6,0.00542589155903941,0.06954904376373232,0.038977950992119675,1.475606237512059e-05
Oligo:RUNX1 -> CARD11,0.13892624593808897,0.21464472668282197,0.23439243635196716,0.10049103403520526
Oligo:RUNX1 -> SRGAP2,0.006739125437288411,0.02301194534226483,0.011661640004350484,0.006469892137207228
Oligo:RUNX1 -> SLC2A5,0.05215169313111155,0.03905889493736473,0.033725040559153895,0.10406786060057854
Oligo:FLI1 -> CARD8,0.1551099304296101,0.23895215961203256,0.08275283995291362,0.19449194424259408
Oligo:IKZF1 -> RCSD1,0.12228446290600357,0.6234527247619405,0.2506427045598377,0.0398615372676551
Oligo:IKZF1 -> VAV1,0.34088972830690356,0.6313609642443346,0.25348885900689605,0.3232977782378613
Oligo:RUNX1 -> APBB1IP,0.8560908857780668,0.5766364804844226,0.3479810647225564,0.7391336583609982
Astro:TCF7L1 -> CACHD1,0.0004360525059544054,0.0064087661120940335,0.0016044176966481432,8.405368365020034e-05
Micro:TAL1 -> BLNK,0.1486586779640314,0.10140315249002747,0.04176446407256993,0.34012082878829575
Micro:IRF8 -> TLR1,0.9135864270294647,0.6239816079013043,0.7227202234022188,0.8221068412859829
EN_L5_6_NP:ERG -> CALCRL,0.8789827122756122,0.44630848458043215,0.3817468613760949,0.5074925531582233
Oligo:RUNX1 -> ARHGAP25,0.5598472093966979,0.51867195379082,0.21847974548780477,0.8619019186346359
EN_L5_6_NP:ERG -> IFNG-AS1,0.94124442693453,0.6692547372271955,0.646903335677899,0.6997883479674423
Oligo:ETV6 -> PIK3AP1,0.005561789725817853,0.6322601572037676,0.41894939005538134,0.0021364807283379395
OPC:ZEB1 -> SEMA5A,2.5872386744025906e-05,0.0004542853987270657,3.490825847735024e-05,2.613781122814961e-05
Oligo:RUNX1 -> AOAH,0.04933139349760462,0.07195726842559379,0.03451774402376704,0.0745387588631696
Oligo:RUNX1 -> SUSD6,0.05633526961120717,0.19915106576931138,0.04589850350870848,0.04263456444567673
Oligo:FLI1 -> RGS10,0.04922722347580057,0.05889469292464954,0.05222412524905752,0.13937710665679692
Oligo:RUNX1 -> SYK,0.03402289950062033,0.04080358334320932,0.016330670129745723,0.07891651873771108
Oligo:FLI1 -> RIN3,0.6360589493856332,0.9406001976493308,0.2879802668308951,0.7418467258548198
Oligo:FLI1 -> BMP2K,0.003327371717923753,0.02389703265690473,0.02148426630777947,0.0007916576152331781
Micro:IRF8 -> CARD11,0.6895997725185966,0.36554849353236507,0.2562735242183492,0.75540719157359
Oligo:IKZF1 -> IL18,0.17072834097605272,0.10338899876033612,0.2317969140571958,0.27231481902571203
Oligo:IKZF1 -> SRGAP2B,0.19095295570118417,0.5858219085027787,0.3106314008513137,0.08765624172622284
Micro:IRF8 -> SCIN,0.2758605037058699,0.14503742829691987,0.11605580304683485,0.5378230998243059
Oligo:RUNX1 -> SORL1,0.17150767446440343,0.1275259907244719,0.25141869787625776,0.227478305226719
Micro:IRF8 -> CD53,0.7749638745309385,0.7177981634906584,0.7120224479051914,0.8756694428480774
Micro:TAL1 -> LY86,0.951895203869904,0.3426084828761303,0.18916791272674313,0.4007154912723391
Oligo:FLI1 -> MS4A6A,0.9959188277000737,0.5099814588030925,0.7302736554304338,0.5638875003874931
EN_L5_6_NP:ERG -> LEF1,0.16613067004077883,0.17915930642665337,0.15860983606596843,0.17950764153083548
Oligo:RUNX1 -> WDFY4,0.9022859574603337,0.7299706675350263,0.7625954736172662,0.5789472642100125
Micro:REL -> IKZF1,0.9680497379067665,0.42870705855618885,0.26780409811746925,0.5954735492020846
Oligo:RUNX1 -> RCSD1,1.4219380715991895e-05,0.000313081206958141,1.095418652431071e-05,4.93986438284872e-05
OPC:SOX6 -> VCAN,0.2684041078573401,0.3314718456438809,0.26566443644118387,0.3125126154053915
Immune:RUNX3 -> MCTP2,0.33012004694976693,0.2036697295046107,0.16414196514364196,0.8117774143867589
Micro:IRF8 -> MYO1F,0.28168926954416046,0.07808806379735095,0.128770860264004,0.6612114507990168
Immune:RUNX3 -> IQGAP2,0.26000965477119753,0.9572228715331644,0.11516225855436459,0.34736185441930545
OPC:RXRA -> KCNIP1,0.5912609701996752,0.6913706536225309,0.46168841419236717,0.7107265776186003
Oligo:FLI1 -> MAP3K8,0.41428934460732114,0.32915954139246817,0.2245729454417382,0.6550209397360479
Oligo:RUNX1 -> TBC1D14,0.16030837689785327,0.20063628025785418,0.1838007172682101,0.17657589740619994
Oligo:IKZF1 -> LY86,0.03630156839078284,0.07253308794925241,0.028560700705159873,0.040053862867414615
Astro:TCF7L1 -> ACSS3,6.172371110177111e-07,0.0029226686330034936,2.2709865466323888e-05,5.902081893611416e-12
Astro:TCF7L1 -> GLI3,2.2850521507800963e-05,0.0020407827235505932,0.0005115081838414326,2.688567802749877e-07
Oligo:IKZF1 -> SLC2A5,0.2678894180996921,0.4205724270837402,0.4643883454494746,0.2348852536988998
Oligo:FLI1 -> STK10,0.014923633759554703,0.061229720344882325,0.01673765776527964,0.00858538238474775
Micro:IRF8 -> ATP8B4,0.3384655781118323,0.30785031923187156,0.16449482727951636,0.5294469628898655
EN_L5_6_NP:ERG -> FER1L6-AS2,0.047724102943082915,0.2536770058930994,0.24524157236357633,0.004815045345741854
Micro:NFATC2 -> FGD2,0.13221652335109244,0.3721761635288169,0.2752961772424498,0.17421513146574816
Micro:NFATC2 -> PIK3R5,6.663676752426778e-05,0.3686735652337232,0.022680134833976396,5.875091970281294e-05
Oligo:IKZF1 -> HCLS1,0.018962246563489743,0.026931980433933377,0.005051467006007742,0.05381935913547506
Oligo:FLI1 -> TGFBR1,0.32858939698993306,0.43673858356181916,0.3464223743377536,0.3058585942503015
OPC:ZEB1 -> NTNG1,0.042562786412993006,0.08059831098260159,0.01464008773076306,0.09881231173236345
Astro:JUNB -> JUN,0.6302957016988482,0.816437872530499,0.6897812821225013,0.45164293114683174
Oligo:FLI1 -> MERTK,0.9687230455693703,0.4722574381344312,0.9670518718362344,0.7464024075574582
Oligo:IKZF1 -> SFMBT2,0.48015797223137413,0.7648127672362006,0.4221355552036603,0.40038966332157233
Astro:TCF7L2 -> CDC14A,4.000889755803291e-06,0.002596684009595478,0.00039929000523443036,5.4103473138220484e-08
Oligo:FLI1 -> CD74,0.5186524933619812,0.1527829764974772,0.07367539158504037,0.764501361490096
Oligo:FLI1 -> VAV1,0.1672600772811388,0.30180330281547957,0.1199257301843067,0.1820151676746775
Oligo:FLI1 -> LYN,0.7623765497543424,0.9187408751076857,0.822538462547434,0.6803834086842535
OPC:ZEB1 -> PCDH15,0.004495086718188306,0.012436737185691523,0.0018799256319590525,0.01489915824441652
Immune:RUNX3 -> SYTL3,0.20220461188756714,0.11362000489358817,0.11517552030201433,0.5895942083248535
Micro:IRF8 -> BHLHE41,0.31813406821087026,0.07240671540840878,0.051280096579483674,0.884711408757012
Oligo:ETV6 -> ABCC4,0.16766209475307023,0.8248137325572651,0.7742781671480502,0.03625345350777959
Immune:RUNX3 -> SKAP1,0.05877797163069948,0.06233674941013041,0.024944546484953027,0.21031055284138594
Micro:NFATC2 -> DOCK2,0.1869719328017752,0.34734104786184405,0.30206144824228304,0.2238633704984126
Oligo:RUNX1 -> PLXDC2,0.22071949184265463,0.42751692864641344,0.2652735210438772,0.15461098545111968
Oligo:RUNX1 -> SAMSN1,0.05693581223986148,0.010871673966169703,0.00834560938803423,0.26207066511087457
Oligo:FLI1 -> SMAP2,0.0423062237971809,0.2270866069387399,0.06319376115142772,0.037914906296950275
Oligo:ETV6 -> LYN,2.5097350685424436e-05,0.10617237627682923,0.07634403500595183,7.532357618781437e-07
Oligo:IKZF1 -> ZNF710,0.048940367653824104,0.06372131410898065,0.11353076097774496,0.047767388391056695
Astro:TCF7L1 -> SYTL4,1.3828769922577962e-05,0.002117334100659784,0.0001277405948292556,2.004892923822502e-06
Oligo:IKZF1 -> GPRIN3,0.06527267229163114,0.20166813884210605,0.12587810156409585,0.0454529420300207
Oligo:FLI1 -> GNB4,0.005849348379958437,0.003829088437790986,0.0023747935835639047,0.021041690833515196
Oligo:FLI1 -> IL17RA,0.24067235276718546,0.29766575596391054,0.1453865828391589,0.3415739572209814
Oligo:FLI1 -> APBB1IP,0.09227792176510383,0.03242145168892726,0.02335525231827045,0.3099217739606977
Endo:GATA2 -> MECOM,0.10571156944511216,0.2513516893191135,0.3323066388720991,0.11673986739340093
Micro:REL -> CLEC7A,0.11437517383303317,0.5093721848068531,0.48918566807932773,0.040777913169421566
Micro:IRF8 -> RGS10,0.9664221497606935,0.7787250079808521,0.47778214907953576,0.6449283783304396
Micro:IRF8 -> CIITA,0.15030843614203349,0.34872651660573795,0.2603312893322956,0.2092942619217167
Micro:TAL1 -> HCLS1,0.21289091918342862,0.2869313711609625,0.501040776285808,0.19219036563382688
Oligo:RUNX1 -> SP100,0.8578064423739942,0.4839829328818359,0.5612570453370446,0.7852586893712601
Oligo:FLI1 -> PTPRC,0.49264487520927747,0.6251174711290787,0.6494042148203063,0.4816209938209369
Oligo:FLI1 -> P2RY12,0.09875330281291461,0.14383537857195253,0.05162670773732727,0.1530820950947638
Astro:TCF7L2 -> PLSCR4,0.001409220650841808,0.0431931937833743,0.01937190488061775,4.1362462370294024e-05
OPC:ZEB1 -> SULF2,0.004291277236185109,0.019613568092531754,0.006382665379845649,0.00241748356351532
Oligo:RUNX1 -> RGS10,0.44704619808302337,0.920789882885809,0.8036411191996354,0.21570603672676128
Oligo:IKZF1 -> PIK3AP1,0.6200609089485734,0.582718238497965,0.717582118883954,0.6598526185709352
Oligo:RUNX1 -> ALPK1,0.00010407042133383506,7.804528418618476e-05,0.00013088553382254722,0.0002641332625050199
Astro:TCF7L2 -> SLC1A3,5.721844706492765e-07,0.0037061470498935454,0.00022136463289449952,1.681556677614167e-08
Astro:TCF7L2 -> PDGFC,1.7629430777030149e-06,0.0021506973420817345,0.0005051335212692388,1.247132140538383e-08
Oligo:ETV6 -> SAMSN1,0.7743742442660428,0.020684335860833132,0.05357924493876425,0.3198296513079356
Oligo:RUNX1 -> CPED1,0.03432825910198127,0.017655640062903735,0.050999769040698445,0.07023518746870408
Oligo:RUNX1 -> MAF,0.3986781216247143,0.5969725759816524,0.6296938706461176,0.3074648193046638
Micro:IRF8 -> TLR2,0.4784970443481591,0.49720730998534524,0.41998738940224356,0.5692614461018702
Oligo:IKZF1 -> MGAT4A,0.05583795431837655,0.2982627585575427,0.10076391752966501,0.015800413623870687
Oligo:IKZF1 -> LINC01141,0.46137292715753553,0.7638042948114052,0.3676423858368182,0.38118215112847764
Micro:IRF8 -> TBXAS1,0.2530954417631389,0.07700267284968917,0.44689002704402536,0.3510274609924062
VLMC:FOXC1 -> EBF1,0.25810664609398154,0.5788787486757192,0.5787405266876997,0.17594493000512865
Oligo:IKZF1 -> CARD11,0.8935601784460688,0.8040000644335075,0.8878773380322527,0.9638951452701343
Oligo:FLI1 -> SAT1,0.05479512508984413,0.16280309567825071,0.03288100647084965,0.06152311108477001
Oligo:FLI1 -> SYK,0.7728327761964195,0.7181614691208864,0.5169274042263048,0.9651903813744069
Oligo:IKZF1 -> BMP2K,0.030385124008833975,0.196759755885513,0.11050194130906543,0.0061745900650069
Endo:MECOM -> LEF1,0.9214486839707019,0.3105349011561312,0.5305254851786496,0.9632777355056305
EN_L2_3_IT:SRRM3 -> UNC5D,0.24742265980404027,0.19070403494058039,0.21199555292182745,0.3813544153518117
OPC:SOX6 -> ADAMTS17,0.1020534200902713,0.2094670254159809,0.19130992224568694,0.08115781307381906
EN_L2_3_IT:SRRM3 -> SHISA9,0.7082797582110156,0.8638664842872226,0.9120490437941599,0.37166592385099506
Micro:TAL1 -> CD74,0.02681202327742451,0.21752915935653566,0.04312452024984475,0.026887928313999044
Oligo:FLI1 -> SKAP2,0.036772546394248505,0.08941311749741512,0.05226983058163673,0.024999746671321554
Micro:IRF8 -> IKZF1,0.34266824018535613,0.12715490891151468,0.23227207641960937,0.6450377599728374
Oligo:RUNX1 -> GRB2,0.020217774121730675,0.007769615873535179,0.04611112098383074,0.04797066875093477
